ì,ì,",",ì,Air Force Blue (Raf),ì,",",ì,#5d8aa8,ì,",",ì,2018-8-10 17:00:00,ì,",",ì,2018-8-10 17:00:00,ì
ì,ì,",",ì,Air Force Blue (Usaf),ì,",",ì,#00308f,ì,",",ì,2018-8-10 17:00:00,ì,",",ì,2018-8-10 17:00:00,ì
ì,ì,",",ì,Air Superiority Blue,ì,",",ì,#72a0c1,ì,",",ì,2018-8-10 17:00:00,ì,",",ì,2018-8-10 17:00:00,ì
ì,ì,",",ì,Alabama Crimson,ì,",",ì,#a32638,ì,",",ì,2018-8-10 17:00:00,ì,",",ì,2018-8-10 17:00:00,ì
ì,ì,",",ì,Alice Blue,ì,",",ì,#f0f8ff,ì,",",ì,2018-8-10 17:00:00,ì,",",ì,2018-8-10 17:00:00,ì
ì,ì,",",ì,Alizarin Crimson,ì,",",ì,#e32636,ì,",",ì,2018-8-10 17:00:00,ì,",",ì,2018-8-10 17:00:00,ì
ì,ì,",",ì,Alloy Orange,ì,",",ì,#c46210,ì,",",ì,2018-8-10 17:00:00,ì,",",ì,2018-8-10 17:00:00,ì
ì,ì,",",ì,Almond,ì,",",ì,#efdecd,ì,",",ì,2018-8-10 17:00:00,ì,",",ì,2018-8-10 17:00:00,ì
ì,ì,",",ì,Amaranth,ì,",",ì,#e52b50,ì,",",ì,2018-8-10 17:00:00,ì,",",ì,2018-8-10 17:00:00,ì
ì,ì,",",ì,Amber,ì,",",ì,#ffbf00,ì,",",ì,2018-8-10 17:00:00,ì,",",ì,2018-8-10 17:00:00,ì
ì,ì,",",ì,Amber (Sae/Ece),ì,",",ì,#ff7e00,ì,",",ì,2018-8-10 17:00:00,ì,",",ì,2018-8-10 17:00:00,ì
ì,ì,",",ì,American Rose,ì,",",ì,#ff033e,ì,",",ì,2018-8-10 17:00:00,ì,",",ì,2018-8-10 17:00:00,ì
ì,ì,",",ì,Amethyst,ì,",",ì,#96c,ì,",",ì,2018-8-10 17:00:00,ì,",",ì,2018-8-10 17:00:00,ì
ì,ì,",",ì,Android Green,ì,",",ì,#a4c639,ì,",",ì,2018-8-10 17:00:00,ì,",",ì,2018-8-10 17:00:00,ì
ì,ì,",",ì,Anti-Flash White,ì,",",ì,#f2f3f4,ì,",",ì,2018-8-10 17:00:00,ì,",",ì,2018-8-10 17:00:00,ì
ì,ì,",",ì,Antique Brass,ì,",",ì,#cd9575,ì,",",ì,2018-8-10 17:00:00,ì,",",ì,2018-8-10 17:00:00,ì
ì,ì,",",ì,Antique Fuchsia,ì,",",ì,#915c83,ì,",",ì,2018-8-10 17:00:00,ì,",",ì,2018-8-10 17:00:00,ì
ì,ì,",",ì,Antique Ruby,ì,",",ì,#841b2d,ì,",",ì,2018-8-10 17:00:00,ì,",",ì,2018-8-10 17:00:00,ì
ì,ì,",",ì,Antique White,ì,",",ì,#faebd7,ì,",",ì,2018-8-10 17:00:00,ì,",",ì,2018-8-10 17:00:00,ì
ì,ì,",",ì,Ao (English),ì,",",ì,#008000,ì,",",ì,2018-8-10 17:00:00,ì,",",ì,2018-8-10 17:00:00,ì
ì,ì,",",ì,Apple Green,ì,",",ì,#8db600,ì,",",ì,2018-8-10 17:00:00,ì,",",ì,2018-8-10 17:00:00,ì
ì,ì,",",ì,Apricot,ì,",",ì,#fbceb1,ì,",",ì,2018-8-10 17:00:00,ì,",",ì,2018-8-10 17:00:00,ì
ì,ì,",",ì,Aqua,ì,",",ì,#0ff,ì,",",ì,2018-8-10 17:00:00,ì,",",ì,2018-8-10 17:00:00,ì
ì,ì,",",ì,Aquamarine,ì,",",ì,#7fffd4,ì,",",ì,2018-8-10 17:00:00,ì,",",ì,2018-8-10 17:00:00,ì
ì,ì,",",ì,Army Green,ì,",",ì,#4b5320,ì,",",ì,2018-8-10 17:00:00,ì,",",ì,2018-8-10 17:00:00,ì
ì,ì,",",ì,Arsenic,ì,",",ì,#3b444b,ì,",",ì,2018-8-10 17:00:00,ì,",",ì,2018-8-10 17:00:00,ì
ì,ì,",",ì,Arylide Yellow,ì,",",ì,#e9d66b,ì,",",ì,2018-8-10 17:00:00,ì,",",ì,2018-8-10 17:00:00,ì
ì,ì,",",ì,Ash Grey,ì,",",ì,#b2beb5,ì,",",ì,2018-8-10 17:00:00,ì,",",ì,2018-8-10 17:00:00,ì
ì,ì,",",ì,Asparagus,ì,",",ì,#87a96b,ì,",",ì,2018-8-10 17:00:00,ì,",",ì,2018-8-10 17:00:00,ì
ì,ì,",",ì,Atomic Tangerine,ì,",",ì,#f96,ì,",",ì,2018-8-10 17:00:00,ì,",",ì,2018-8-10 17:00:00,ì
ì,ì,",",ì,Auburn,ì,",",ì,#a52a2a,ì,",",ì,2018-8-10 17:00:00,ì,",",ì,2018-8-10 17:00:00,ì
ì,ì,",",ì,Aureolin,ì,",",ì,#fdee00,ì,",",ì,2018-8-10 17:00:00,ì,",",ì,2018-8-10 17:00:00,ì
ì,ì,",",ì,Aurometalsaurus,ì,",",ì,#6e7f80,ì,",",ì,2018-8-10 17:00:00,ì,",",ì,2018-8-10 17:00:00,ì
ì,ì,",",ì,Avocado,ì,",",ì,#568203,ì,",",ì,2018-8-10 17:00:00,ì,",",ì,2018-8-10 17:00:00,ì
ì,ì,",",ì,Azure,ì,",",ì,#007fff,ì,",",ì,2018-8-10 17:00:00,ì,",",ì,2018-8-10 17:00:00,ì
ì,ì,",",ì,Azure Mist/Web,ì,",",ì,#f0ffff,ì,",",ì,2018-8-10 17:00:00,ì,",",ì,2018-8-10 17:00:00,ì
ì,ì,",",ì,Baby Blue,ì,",",ì,#89cff0,ì,",",ì,2018-8-10 17:00:00,ì,",",ì,2018-8-10 17:00:00,ì
ì,ì,",",ì,Baby Blue Eyes,ì,",",ì,#a1caf1,ì,",",ì,2018-8-10 17:00:00,ì,",",ì,2018-8-10 17:00:00,ì
ì,ì,",",ì,Baby Pink,ì,",",ì,#f4c2c2,ì,",",ì,2018-8-10 17:00:00,ì,",",ì,2018-8-10 17:00:00,ì
ì,ì,",",ì,Ball Blue,ì,",",ì,#21abcd,ì,",",ì,2018-8-10 17:00:00,ì,",",ì,2018-8-10 17:00:00,ì
ì,ì,",",ì,Banana Mania,ì,",",ì,#fae7b5,ì,",",ì,2018-8-10 17:00:00,ì,",",ì,2018-8-10 17:00:00,ì
ì,ì,",",ì,Banana Yellow,ì,",",ì,#ffe135,ì,",",ì,2018-8-10 17:00:00,ì,",",ì,2018-8-10 17:00:00,ì
ì,ì,",",ì,Barn Red,ì,",",ì,#7c0a02,ì,",",ì,2018-8-10 17:00:00,ì,",",ì,2018-8-10 17:00:00,ì
ì,ì,",",ì,Battleship Grey,ì,",",ì,#848482,ì,",",ì,2018-8-10 17:00:00,ì,",",ì,2018-8-10 17:00:00,ì
ì,ì,",",ì,Bazaar,ì,",",ì,#98777b,ì,",",ì,2018-8-10 17:00:00,ì,",",ì,2018-8-10 17:00:00,ì
ì,ì,",",ì,Beau Blue,ì,",",ì,#bcd4e6,ì,",",ì,2018-8-10 17:00:00,ì,",",ì,2018-8-10 17:00:00,ì
ì,ì,",",ì,Beaver,ì,",",ì,#9f8170,ì,",",ì,2018-8-10 17:00:00,ì,",",ì,2018-8-10 17:00:00,ì
ì,ì,",",ì,Beige,ì,",",ì,#f5f5dc,ì,",",ì,2018-8-10 17:00:00,ì,",",ì,2018-8-10 17:00:00,ì
ì,ì,",",ì,Big Dip O‚ÄôRuby,ì,",",ì,#9c2542,ì,",",ì,2018-8-10 17:00:00,ì,",",ì,2018-8-10 17:00:00,ì
ì,ì,",",ì,Bisque,ì,",",ì,#ffe4c4,ì,",",ì,2018-8-10 17:00:00,ì,",",ì,2018-8-10 17:00:00,ì
ì,ì,",",ì,Bistre,ì,",",ì,#3d2b1f,ì,",",ì,2018-8-10 17:00:00,ì,",",ì,2018-8-10 17:00:00,ì
ì,ì,",",ì,Bittersweet,ì,",",ì,#fe6f5e,ì,",",ì,2018-8-10 17:00:00,ì,",",ì,2018-8-10 17:00:00,ì
ì,ì,",",ì,Bittersweet Shimmer,ì,",",ì,#bf4f51,ì,",",ì,2018-8-10 17:00:00,ì,",",ì,2018-8-10 17:00:00,ì
ì,ì,",",ì,Black,ì,",",ì,#000,ì,",",ì,2018-8-10 17:00:00,ì,",",ì,2018-8-10 17:00:00,ì
ì,ì,",",ì,Black Bean,ì,",",ì,#3d0c02,ì,",",ì,2018-8-10 17:00:00,ì,",",ì,2018-8-10 17:00:00,ì
ì,ì,",",ì,Black Leather Jacket,ì,",",ì,#253529,ì,",",ì,2018-8-10 17:00:00,ì,",",ì,2018-8-10 17:00:00,ì
ì,ì,",",ì,Black Olive,ì,",",ì,#3b3c36,ì,",",ì,2018-8-10 17:00:00,ì,",",ì,2018-8-10 17:00:00,ì
ì,ì,",",ì,Blanched Almond,ì,",",ì,#ffebcd,ì,",",ì,2018-8-10 17:00:00,ì,",",ì,2018-8-10 17:00:00,ì
ì,ì,",",ì,Blast-Off Bronze,ì,",",ì,#a57164,ì,",",ì,2018-8-10 17:00:00,ì,",",ì,2018-8-10 17:00:00,ì
ì,ì,",",ì,Bleu De France,ì,",",ì,#318ce7,ì,",",ì,2018-8-10 17:00:00,ì,",",ì,2018-8-10 17:00:00,ì
ì,ì,",",ì,Blizzard Blue,ì,",",ì,#ace5ee,ì,",",ì,2018-8-10 17:00:00,ì,",",ì,2018-8-10 17:00:00,ì
ì,ì,",",ì,Blond,ì,",",ì,#faf0be,ì,",",ì,2018-8-10 17:00:00,ì,",",ì,2018-8-10 17:00:00,ì
ì,ì,",",ì,Blue,ì,",",ì,#00f,ì,",",ì,2018-8-10 17:00:00,ì,",",ì,2018-8-10 17:00:00,ì
ì,ì,",",ì,Blue Bell,ì,",",ì,#a2a2d0,ì,",",ì,2018-8-10 17:00:00,ì,",",ì,2018-8-10 17:00:00,ì
ì,ì,",",ì,Blue (Crayola),ì,",",ì,#1f75fe,ì,",",ì,2018-8-10 17:00:00,ì,",",ì,2018-8-10 17:00:00,ì
ì,ì,",",ì,Blue Gray,ì,",",ì,#69c,ì,",",ì,2018-8-10 17:00:00,ì,",",ì,2018-8-10 17:00:00,ì
ì,ì,",",ì,Blue-Green,ì,",",ì,#0d98ba,ì,",",ì,2018-8-10 17:00:00,ì,",",ì,2018-8-10 17:00:00,ì
ì,ì,",",ì,Blue (Munsell),ì,",",ì,#0093af,ì,",",ì,2018-8-10 17:00:00,ì,",",ì,2018-8-10 17:00:00,ì
ì,ì,",",ì,Blue (Ncs),ì,",",ì,#0087bd,ì,",",ì,2018-8-10 17:00:00,ì,",",ì,2018-8-10 17:00:00,ì
ì,ì,",",ì,Blue (Pigment),ì,",",ì,#339,ì,",",ì,2018-8-10 17:00:00,ì,",",ì,2018-8-10 17:00:00,ì
ì,ì,",",ì,Blue (Ryb),ì,",",ì,#0247fe,ì,",",ì,2018-8-10 17:00:00,ì,",",ì,2018-8-10 17:00:00,ì
ì,ì,",",ì,Blue Sapphire,ì,",",ì,#126180,ì,",",ì,2018-8-10 17:00:00,ì,",",ì,2018-8-10 17:00:00,ì
ì,ì,",",ì,Blue-Violet,ì,",",ì,#8a2be2,ì,",",ì,2018-8-10 17:00:00,ì,",",ì,2018-8-10 17:00:00,ì
ì,ì,",",ì,Blush,ì,",",ì,#de5d83,ì,",",ì,2018-8-10 17:00:00,ì,",",ì,2018-8-10 17:00:00,ì
ì,ì,",",ì,Bole,ì,",",ì,#79443b,ì,",",ì,2018-8-10 17:00:00,ì,",",ì,2018-8-10 17:00:00,ì
ì,ì,",",ì,Bondi Blue,ì,",",ì,#0095b6,ì,",",ì,2018-8-10 17:00:00,ì,",",ì,2018-8-10 17:00:00,ì
ì,ì,",",ì,Bone,ì,",",ì,#e3dac9,ì,",",ì,2018-8-10 17:00:00,ì,",",ì,2018-8-10 17:00:00,ì
ì,ì,",",ì,Boston University Red,ì,",",ì,#c00,ì,",",ì,2018-8-10 17:00:00,ì,",",ì,2018-8-10 17:00:00,ì
ì,ì,",",ì,Bottle Green,ì,",",ì,#006a4e,ì,",",ì,2018-8-10 17:00:00,ì,",",ì,2018-8-10 17:00:00,ì
ì,ì,",",ì,Boysenberry,ì,",",ì,#873260,ì,",",ì,2018-8-10 17:00:00,ì,",",ì,2018-8-10 17:00:00,ì
ì,ì,",",ì,Brandeis Blue,ì,",",ì,#0070ff,ì,",",ì,2018-8-10 17:00:00,ì,",",ì,2018-8-10 17:00:00,ì
ì,ì,",",ì,Brass,ì,",",ì,#b5a642,ì,",",ì,2018-8-10 17:00:00,ì,",",ì,2018-8-10 17:00:00,ì
ì,ì,",",ì,Brick Red,ì,",",ì,#cb4154,ì,",",ì,2018-8-10 17:00:00,ì,",",ì,2018-8-10 17:00:00,ì
ì,ì,",",ì,Bright Cerulean,ì,",",ì,#1dacd6,ì,",",ì,2018-8-10 17:00:00,ì,",",ì,2018-8-10 17:00:00,ì
ì,ì,",",ì,Bright Green,ì,",",ì,#6f0,ì,",",ì,2018-8-10 17:00:00,ì,",",ì,2018-8-10 17:00:00,ì
ì,ì,",",ì,Bright Lavender,ì,",",ì,#bf94e4,ì,",",ì,2018-8-10 17:00:00,ì,",",ì,2018-8-10 17:00:00,ì
ì,ì,",",ì,Bright Maroon,ì,",",ì,#c32148,ì,",",ì,2018-8-10 17:00:00,ì,",",ì,2018-8-10 17:00:00,ì
ì,ì,",",ì,Bright Pink,ì,",",ì,#ff007f,ì,",",ì,2018-8-10 17:00:00,ì,",",ì,2018-8-10 17:00:00,ì
ì,ì,",",ì,Bright Turquoise,ì,",",ì,#08e8de,ì,",",ì,2018-8-10 17:00:00,ì,",",ì,2018-8-10 17:00:00,ì
ì,ì,",",ì,Bright Ube,ì,",",ì,#d19fe8,ì,",",ì,2018-8-10 17:00:00,ì,",",ì,2018-8-10 17:00:00,ì
ì,ì,",",ì,Brilliant Lavender,ì,",",ì,#f4bbff,ì,",",ì,2018-8-10 17:00:00,ì,",",ì,2018-8-10 17:00:00,ì
ì,ì,",",ì,Brilliant Rose,ì,",",ì,#ff55a3,ì,",",ì,2018-8-10 17:00:00,ì,",",ì,2018-8-10 17:00:00,ì
ì,ì,",",ì,Brink Pink,ì,",",ì,#fb607f,ì,",",ì,2018-8-10 17:00:00,ì,",",ì,2018-8-10 17:00:00,ì
ì,ì,",",ì,British Racing Green,ì,",",ì,#004225,ì,",",ì,2018-8-10 17:00:00,ì,",",ì,2018-8-10 17:00:00,ì
ì,ì,",",ì,Bronze,ì,",",ì,#cd7f32,ì,",",ì,2018-8-10 17:00:00,ì,",",ì,2018-8-10 17:00:00,ì
ì,ì,",",ì,Brown (Traditional),ì,",",ì,#964b00,ì,",",ì,2018-8-10 17:00:00,ì,",",ì,2018-8-10 17:00:00,ì
ì,ì,",",ì,Brown (Web),ì,",",ì,#a52a2a,ì,",",ì,2018-8-10 17:00:00,ì,",",ì,2018-8-10 17:00:00,ì
ì,ì,",",ì,Bubble Gum,ì,",",ì,#ffc1cc,ì,",",ì,2018-8-10 17:00:00,ì,",",ì,2018-8-10 17:00:00,ì
ì,ì,",",ì,Bubbles,ì,",",ì,#e7feff,ì,",",ì,2018-8-10 17:00:00,ì,",",ì,2018-8-10 17:00:00,ì
ì,ì,",",ì,Buff,ì,",",ì,#f0dc82,ì,",",ì,2018-8-10 17:00:00,ì,",",ì,2018-8-10 17:00:00,ì
ì,ì,",",ì,Bulgarian Rose,ì,",",ì,#480607,ì,",",ì,2018-8-10 17:00:00,ì,",",ì,2018-8-10 17:00:00,ì
ì,ì,",",ì,Burgundy,ì,",",ì,#800020,ì,",",ì,2018-8-10 17:00:00,ì,",",ì,2018-8-10 17:00:00,ì
ì,ì,",",ì,Burlywood,ì,",",ì,#deb887,ì,",",ì,2018-8-10 17:00:00,ì,",",ì,2018-8-10 17:00:00,ì
ì,ì,",",ì,Burnt Orange,ì,",",ì,#c50,ì,",",ì,2018-8-10 17:00:00,ì,",",ì,2018-8-10 17:00:00,ì
ì,ì,",",ì,Burnt Sienna,ì,",",ì,#e97451,ì,",",ì,2018-8-10 17:00:00,ì,",",ì,2018-8-10 17:00:00,ì
ì,ì,",",ì,Burnt Umber,ì,",",ì,#8a3324,ì,",",ì,2018-8-10 17:00:00,ì,",",ì,2018-8-10 17:00:00,ì
ì,ì,",",ì,Byzantine,ì,",",ì,#bd33a4,ì,",",ì,2018-8-10 17:00:00,ì,",",ì,2018-8-10 17:00:00,ì
ì,ì,",",ì,Byzantium,ì,",",ì,#702963,ì,",",ì,2018-8-10 17:00:00,ì,",",ì,2018-8-10 17:00:00,ì
ì,ì,",",ì,Cadet,ì,",",ì,#536872,ì,",",ì,2018-8-10 17:00:00,ì,",",ì,2018-8-10 17:00:00,ì
ì,ì,",",ì,Cadet Blue,ì,",",ì,#5f9ea0,ì,",",ì,2018-8-10 17:00:00,ì,",",ì,2018-8-10 17:00:00,ì
ì,ì,",",ì,Cadet Grey,ì,",",ì,#91a3b0,ì,",",ì,2018-8-10 17:00:00,ì,",",ì,2018-8-10 17:00:00,ì
ì,ì,",",ì,Cadmium Green,ì,",",ì,#006b3c,ì,",",ì,2018-8-10 17:00:00,ì,",",ì,2018-8-10 17:00:00,ì
ì,ì,",",ì,Cadmium Orange,ì,",",ì,#ed872d,ì,",",ì,2018-8-10 17:00:00,ì,",",ì,2018-8-10 17:00:00,ì
ì,ì,",",ì,Cadmium Red,ì,",",ì,#e30022,ì,",",ì,2018-8-10 17:00:00,ì,",",ì,2018-8-10 17:00:00,ì
ì,ì,",",ì,Cadmium Yellow,ì,",",ì,#fff600,ì,",",ì,2018-8-10 17:00:00,ì,",",ì,2018-8-10 17:00:00,ì
ì,ì,",",ì,Caf√© Au Lait,ì,",",ì,#a67b5b,ì,",",ì,2018-8-10 17:00:00,ì,",",ì,2018-8-10 17:00:00,ì
ì,ì,",",ì,Caf√© Noir,ì,",",ì,#4b3621,ì,",",ì,2018-8-10 17:00:00,ì,",",ì,2018-8-10 17:00:00,ì
ì,ì,",",ì,Cal Poly Green,ì,",",ì,#1e4d2b,ì,",",ì,2018-8-10 17:00:00,ì,",",ì,2018-8-10 17:00:00,ì
ì,ì,",",ì,Cambridge Blue,ì,",",ì,#a3c1ad,ì,",",ì,2018-8-10 17:00:00,ì,",",ì,2018-8-10 17:00:00,ì
ì,ì,",",ì,Camel,ì,",",ì,#c19a6b,ì,",",ì,2018-8-10 17:00:00,ì,",",ì,2018-8-10 17:00:00,ì
ì,ì,",",ì,Cameo Pink,ì,",",ì,#efbbcc,ì,",",ì,2018-8-10 17:00:00,ì,",",ì,2018-8-10 17:00:00,ì
ì,ì,",",ì,Camouflage Green,ì,",",ì,#78866b,ì,",",ì,2018-8-10 17:00:00,ì,",",ì,2018-8-10 17:00:00,ì
ì,ì,",",ì,Canary Yellow,ì,",",ì,#ffef00,ì,",",ì,2018-8-10 17:00:00,ì,",",ì,2018-8-10 17:00:00,ì
ì,ì,",",ì,Candy Apple Red,ì,",",ì,#ff0800,ì,",",ì,2018-8-10 17:00:00,ì,",",ì,2018-8-10 17:00:00,ì
ì,ì,",",ì,Candy Pink,ì,",",ì,#e4717a,ì,",",ì,2018-8-10 17:00:00,ì,",",ì,2018-8-10 17:00:00,ì
ì,ì,",",ì,Capri,ì,",",ì,#00bfff,ì,",",ì,2018-8-10 17:00:00,ì,",",ì,2018-8-10 17:00:00,ì
ì,ì,",",ì,Caput Mortuum,ì,",",ì,#592720,ì,",",ì,2018-8-10 17:00:00,ì,",",ì,2018-8-10 17:00:00,ì
ì,ì,",",ì,Cardinal,ì,",",ì,#c41e3a,ì,",",ì,2018-8-10 17:00:00,ì,",",ì,2018-8-10 17:00:00,ì
ì,ì,",",ì,Caribbean Green,ì,",",ì,#0c9,ì,",",ì,2018-8-10 17:00:00,ì,",",ì,2018-8-10 17:00:00,ì
ì,ì,",",ì,Carmine,ì,",",ì,#960018,ì,",",ì,2018-8-10 17:00:00,ì,",",ì,2018-8-10 17:00:00,ì
ì,ì,",",ì,Carmine (M&P),ì,",",ì,#d70040,ì,",",ì,2018-8-10 17:00:00,ì,",",ì,2018-8-10 17:00:00,ì
ì,ì,",",ì,Carmine Pink,ì,",",ì,#eb4c42,ì,",",ì,2018-8-10 17:00:00,ì,",",ì,2018-8-10 17:00:00,ì
ì,ì,",",ì,Carmine Red,ì,",",ì,#ff0038,ì,",",ì,2018-8-10 17:00:00,ì,",",ì,2018-8-10 17:00:00,ì
ì,ì,",",ì,Carnation Pink,ì,",",ì,#ffa6c9,ì,",",ì,2018-8-10 17:00:00,ì,",",ì,2018-8-10 17:00:00,ì
ì,ì,",",ì,Carnelian,ì,",",ì,#b31b1b,ì,",",ì,2018-8-10 17:00:00,ì,",",ì,2018-8-10 17:00:00,ì
ì,ì,",",ì,Carolina Blue,ì,",",ì,#99badd,ì,",",ì,2018-8-10 17:00:00,ì,",",ì,2018-8-10 17:00:00,ì
ì,ì,",",ì,Carrot Orange,ì,",",ì,#ed9121,ì,",",ì,2018-8-10 17:00:00,ì,",",ì,2018-8-10 17:00:00,ì
ì,ì,",",ì,Catalina Blue,ì,",",ì,#062a78,ì,",",ì,2018-8-10 17:00:00,ì,",",ì,2018-8-10 17:00:00,ì
ì,ì,",",ì,Ceil,ì,",",ì,#92a1cf,ì,",",ì,2018-8-10 17:00:00,ì,",",ì,2018-8-10 17:00:00,ì
ì,ì,",",ì,Celadon,ì,",",ì,#ace1af,ì,",",ì,2018-8-10 17:00:00,ì,",",ì,2018-8-10 17:00:00,ì
ì,ì,",",ì,Celadon Blue,ì,",",ì,#007ba7,ì,",",ì,2018-8-10 17:00:00,ì,",",ì,2018-8-10 17:00:00,ì
ì,ì,",",ì,Celadon Green,ì,",",ì,#2f847c,ì,",",ì,2018-8-10 17:00:00,ì,",",ì,2018-8-10 17:00:00,ì
ì,ì,",",ì,Celeste (Colour),ì,",",ì,#b2ffff,ì,",",ì,2018-8-10 17:00:00,ì,",",ì,2018-8-10 17:00:00,ì
ì,ì,",",ì,Celestial Blue,ì,",",ì,#4997d0,ì,",",ì,2018-8-10 17:00:00,ì,",",ì,2018-8-10 17:00:00,ì
ì,ì,",",ì,Cerise,ì,",",ì,#de3163,ì,",",ì,2018-8-10 17:00:00,ì,",",ì,2018-8-10 17:00:00,ì
ì,ì,",",ì,Cerise Pink,ì,",",ì,#ec3b83,ì,",",ì,2018-8-10 17:00:00,ì,",",ì,2018-8-10 17:00:00,ì
ì,ì,",",ì,Cerulean,ì,",",ì,#007ba7,ì,",",ì,2018-8-10 17:00:00,ì,",",ì,2018-8-10 17:00:00,ì
ì,ì,",",ì,Cerulean Blue,ì,",",ì,#2a52be,ì,",",ì,2018-8-10 17:00:00,ì,",",ì,2018-8-10 17:00:00,ì
ì,ì,",",ì,Cerulean Frost,ì,",",ì,#6d9bc3,ì,",",ì,2018-8-10 17:00:00,ì,",",ì,2018-8-10 17:00:00,ì
ì,ì,",",ì,Cg Blue,ì,",",ì,#007aa5,ì,",",ì,2018-8-10 17:00:00,ì,",",ì,2018-8-10 17:00:00,ì
ì,ì,",",ì,Cg Red,ì,",",ì,#e03c31,ì,",",ì,2018-8-10 17:00:00,ì,",",ì,2018-8-10 17:00:00,ì
ì,ì,",",ì,Chamoisee,ì,",",ì,#a0785a,ì,",",ì,2018-8-10 17:00:00,ì,",",ì,2018-8-10 17:00:00,ì
ì,ì,",",ì,Champagne,ì,",",ì,#fad6a5,ì,",",ì,2018-8-10 17:00:00,ì,",",ì,2018-8-10 17:00:00,ì
ì,ì,",",ì,Charcoal,ì,",",ì,#36454f,ì,",",ì,2018-8-10 17:00:00,ì,",",ì,2018-8-10 17:00:00,ì
ì,ì,",",ì,Charm Pink,ì,",",ì,#e68fac,ì,",",ì,2018-8-10 17:00:00,ì,",",ì,2018-8-10 17:00:00,ì
ì,ì,",",ì,Chartreuse (Traditional),ì,",",ì,#dfff00,ì,",",ì,2018-8-10 17:00:00,ì,",",ì,2018-8-10 17:00:00,ì
ì,ì,",",ì,Chartreuse (Web),ì,",",ì,#7fff00,ì,",",ì,2018-8-10 17:00:00,ì,",",ì,2018-8-10 17:00:00,ì
ì,ì,",",ì,Cherry,ì,",",ì,#de3163,ì,",",ì,2018-8-10 17:00:00,ì,",",ì,2018-8-10 17:00:00,ì
ì,ì,",",ì,Cherry Blossom Pink,ì,",",ì,#ffb7c5,ì,",",ì,2018-8-10 17:00:00,ì,",",ì,2018-8-10 17:00:00,ì
ì,ì,",",ì,Chestnut,ì,",",ì,#cd5c5c,ì,",",ì,2018-8-10 17:00:00,ì,",",ì,2018-8-10 17:00:00,ì
ì,ì,",",ì,China Pink,ì,",",ì,#de6fa1,ì,",",ì,2018-8-10 17:00:00,ì,",",ì,2018-8-10 17:00:00,ì
ì,ì,",",ì,China Rose,ì,",",ì,#a8516e,ì,",",ì,2018-8-10 17:00:00,ì,",",ì,2018-8-10 17:00:00,ì
ì,ì,",",ì,Chinese Red,ì,",",ì,#aa381e,ì,",",ì,2018-8-10 17:00:00,ì,",",ì,2018-8-10 17:00:00,ì
ì,ì,",",ì,Chocolate (Traditional),ì,",",ì,#7b3f00,ì,",",ì,2018-8-10 17:00:00,ì,",",ì,2018-8-10 17:00:00,ì
ì,ì,",",ì,Chocolate (Web),ì,",",ì,#d2691e,ì,",",ì,2018-8-10 17:00:00,ì,",",ì,2018-8-10 17:00:00,ì
ì,ì,",",ì,Chrome Yellow,ì,",",ì,#ffa700,ì,",",ì,2018-8-10 17:00:00,ì,",",ì,2018-8-10 17:00:00,ì
ì,ì,",",ì,Cinereous,ì,",",ì,#98817b,ì,",",ì,2018-8-10 17:00:00,ì,",",ì,2018-8-10 17:00:00,ì
ì,ì,",",ì,Cinnabar,ì,",",ì,#e34234,ì,",",ì,2018-8-10 17:00:00,ì,",",ì,2018-8-10 17:00:00,ì
ì,ì,",",ì,Cinnamon,ì,",",ì,#d2691e,ì,",",ì,2018-8-10 17:00:00,ì,",",ì,2018-8-10 17:00:00,ì
ì,ì,",",ì,Citrine,ì,",",ì,#e4d00a,ì,",",ì,2018-8-10 17:00:00,ì,",",ì,2018-8-10 17:00:00,ì
ì,ì,",",ì,Classic Rose,ì,",",ì,#fbcce7,ì,",",ì,2018-8-10 17:00:00,ì,",",ì,2018-8-10 17:00:00,ì
ì,ì,",",ì,Cobalt,ì,",",ì,#0047ab,ì,",",ì,2018-8-10 17:00:00,ì,",",ì,2018-8-10 17:00:00,ì
ì,ì,",",ì,Cocoa Brown,ì,",",ì,#d2691e,ì,",",ì,2018-8-10 17:00:00,ì,",",ì,2018-8-10 17:00:00,ì
ì,ì,",",ì,Coffee,ì,",",ì,#6f4e37,ì,",",ì,2018-8-10 17:00:00,ì,",",ì,2018-8-10 17:00:00,ì
ì,ì,",",ì,Columbia Blue,ì,",",ì,#9bddff,ì,",",ì,2018-8-10 17:00:00,ì,",",ì,2018-8-10 17:00:00,ì
ì,ì,",",ì,Congo Pink,ì,",",ì,#f88379,ì,",",ì,2018-8-10 17:00:00,ì,",",ì,2018-8-10 17:00:00,ì
ì,ì,",",ì,Cool Black,ì,",",ì,#002e63,ì,",",ì,2018-8-10 17:00:00,ì,",",ì,2018-8-10 17:00:00,ì
ì,ì,",",ì,Cool Grey,ì,",",ì,#8c92ac,ì,",",ì,2018-8-10 17:00:00,ì,",",ì,2018-8-10 17:00:00,ì
ì,ì,",",ì,Copper,ì,",",ì,#b87333,ì,",",ì,2018-8-10 17:00:00,ì,",",ì,2018-8-10 17:00:00,ì
ì,ì,",",ì,Copper (Crayola),ì,",",ì,#da8a67,ì,",",ì,2018-8-10 17:00:00,ì,",",ì,2018-8-10 17:00:00,ì
ì,ì,",",ì,Copper Penny,ì,",",ì,#ad6f69,ì,",",ì,2018-8-10 17:00:00,ì,",",ì,2018-8-10 17:00:00,ì
ì,ì,",",ì,Copper Red,ì,",",ì,#cb6d51,ì,",",ì,2018-8-10 17:00:00,ì,",",ì,2018-8-10 17:00:00,ì
ì,ì,",",ì,Copper Rose,ì,",",ì,#966,ì,",",ì,2018-8-10 17:00:00,ì,",",ì,2018-8-10 17:00:00,ì
ì,ì,",",ì,Coquelicot,ì,",",ì,#ff3800,ì,",",ì,2018-8-10 17:00:00,ì,",",ì,2018-8-10 17:00:00,ì
ì,ì,",",ì,Coral,ì,",",ì,#ff7f50,ì,",",ì,2018-8-10 17:00:00,ì,",",ì,2018-8-10 17:00:00,ì
ì,ì,",",ì,Coral Pink,ì,",",ì,#f88379,ì,",",ì,2018-8-10 17:00:00,ì,",",ì,2018-8-10 17:00:00,ì
ì,ì,",",ì,Coral Red,ì,",",ì,#ff4040,ì,",",ì,2018-8-10 17:00:00,ì,",",ì,2018-8-10 17:00:00,ì
ì,ì,",",ì,Cordovan,ì,",",ì,#893f45,ì,",",ì,2018-8-10 17:00:00,ì,",",ì,2018-8-10 17:00:00,ì
ì,ì,",",ì,Corn,ì,",",ì,#fbec5d,ì,",",ì,2018-8-10 17:00:00,ì,",",ì,2018-8-10 17:00:00,ì
ì,ì,",",ì,Cornell Red,ì,",",ì,#b31b1b,ì,",",ì,2018-8-10 17:00:00,ì,",",ì,2018-8-10 17:00:00,ì
ì,ì,",",ì,Cornflower Blue,ì,",",ì,#6495ed,ì,",",ì,2018-8-10 17:00:00,ì,",",ì,2018-8-10 17:00:00,ì
ì,ì,",",ì,Cornsilk,ì,",",ì,#fff8dc,ì,",",ì,2018-8-10 17:00:00,ì,",",ì,2018-8-10 17:00:00,ì
ì,ì,",",ì,Cosmic Latte,ì,",",ì,#fff8e7,ì,",",ì,2018-8-10 17:00:00,ì,",",ì,2018-8-10 17:00:00,ì
ì,ì,",",ì,Cotton Candy,ì,",",ì,#ffbcd9,ì,",",ì,2018-8-10 17:00:00,ì,",",ì,2018-8-10 17:00:00,ì
ì,ì,",",ì,Cream,ì,",",ì,#fffdd0,ì,",",ì,2018-8-10 17:00:00,ì,",",ì,2018-8-10 17:00:00,ì
ì,ì,",",ì,Crimson,ì,",",ì,#dc143c,ì,",",ì,2018-8-10 17:00:00,ì,",",ì,2018-8-10 17:00:00,ì
ì,ì,",",ì,Crimson Glory,ì,",",ì,#be0032,ì,",",ì,2018-8-10 17:00:00,ì,",",ì,2018-8-10 17:00:00,ì
ì,ì,",",ì,Cyan,ì,",",ì,#0ff,ì,",",ì,2018-8-10 17:00:00,ì,",",ì,2018-8-10 17:00:00,ì
ì,ì,",",ì,Cyan (Process),ì,",",ì,#00b7eb,ì,",",ì,2018-8-10 17:00:00,ì,",",ì,2018-8-10 17:00:00,ì
ì,ì,",",ì,Daffodil,ì,",",ì,#ffff31,ì,",",ì,2018-8-10 17:00:00,ì,",",ì,2018-8-10 17:00:00,ì
ì,ì,",",ì,Dandelion,ì,",",ì,#f0e130,ì,",",ì,2018-8-10 17:00:00,ì,",",ì,2018-8-10 17:00:00,ì
ì,ì,",",ì,Dark Blue,ì,",",ì,#00008b,ì,",",ì,2018-8-10 17:00:00,ì,",",ì,2018-8-10 17:00:00,ì
ì,ì,",",ì,Dark Brown,ì,",",ì,#654321,ì,",",ì,2018-8-10 17:00:00,ì,",",ì,2018-8-10 17:00:00,ì
ì,ì,",",ì,Dark Byzantium,ì,",",ì,#5d3954,ì,",",ì,2018-8-10 17:00:00,ì,",",ì,2018-8-10 17:00:00,ì
ì,ì,",",ì,Dark Candy Apple Red,ì,",",ì,#a40000,ì,",",ì,2018-8-10 17:00:00,ì,",",ì,2018-8-10 17:00:00,ì
ì,ì,",",ì,Dark Cerulean,ì,",",ì,#08457e,ì,",",ì,2018-8-10 17:00:00,ì,",",ì,2018-8-10 17:00:00,ì
ì,ì,",",ì,Dark Chestnut,ì,",",ì,#986960,ì,",",ì,2018-8-10 17:00:00,ì,",",ì,2018-8-10 17:00:00,ì
ì,ì,",",ì,Dark Coral,ì,",",ì,#cd5b45,ì,",",ì,2018-8-10 17:00:00,ì,",",ì,2018-8-10 17:00:00,ì
ì,ì,",",ì,Dark Cyan,ì,",",ì,#008b8b,ì,",",ì,2018-8-10 17:00:00,ì,",",ì,2018-8-10 17:00:00,ì
ì,ì,",",ì,Dark Electric Blue,ì,",",ì,#536878,ì,",",ì,2018-8-10 17:00:00,ì,",",ì,2018-8-10 17:00:00,ì
ì,ì,",",ì,Dark Goldenrod,ì,",",ì,#b8860b,ì,",",ì,2018-8-10 17:00:00,ì,",",ì,2018-8-10 17:00:00,ì
ì,ì,",",ì,Dark Gray,ì,",",ì,#a9a9a9,ì,",",ì,2018-8-10 17:00:00,ì,",",ì,2018-8-10 17:00:00,ì
ì,ì,",",ì,Dark Green,ì,",",ì,#013220,ì,",",ì,2018-8-10 17:00:00,ì,",",ì,2018-8-10 17:00:00,ì
ì,ì,",",ì,Dark Imperial Blue,ì,",",ì,#00416a,ì,",",ì,2018-8-10 17:00:00,ì,",",ì,2018-8-10 17:00:00,ì
ì,ì,",",ì,Dark Jungle Green,ì,",",ì,#1a2421,ì,",",ì,2018-8-10 17:00:00,ì,",",ì,2018-8-10 17:00:00,ì
ì,ì,",",ì,Dark Khaki,ì,",",ì,#bdb76b,ì,",",ì,2018-8-10 17:00:00,ì,",",ì,2018-8-10 17:00:00,ì
ì,ì,",",ì,Dark Lava,ì,",",ì,#483c32,ì,",",ì,2018-8-10 17:00:00,ì,",",ì,2018-8-10 17:00:00,ì
ì,ì,",",ì,Dark Lavender,ì,",",ì,#734f96,ì,",",ì,2018-8-10 17:00:00,ì,",",ì,2018-8-10 17:00:00,ì
ì,ì,",",ì,Dark Magenta,ì,",",ì,#8b008b,ì,",",ì,2018-8-10 17:00:00,ì,",",ì,2018-8-10 17:00:00,ì
ì,ì,",",ì,Dark Midnight Blue,ì,",",ì,#036,ì,",",ì,2018-8-10 17:00:00,ì,",",ì,2018-8-10 17:00:00,ì
ì,ì,",",ì,Dark Olive Green,ì,",",ì,#556b2f,ì,",",ì,2018-8-10 17:00:00,ì,",",ì,2018-8-10 17:00:00,ì
ì,ì,",",ì,Dark Orange,ì,",",ì,#ff8c00,ì,",",ì,2018-8-10 17:00:00,ì,",",ì,2018-8-10 17:00:00,ì
ì,ì,",",ì,Dark Orchid,ì,",",ì,#9932cc,ì,",",ì,2018-8-10 17:00:00,ì,",",ì,2018-8-10 17:00:00,ì
ì,ì,",",ì,Dark Pastel Blue,ì,",",ì,#779ecb,ì,",",ì,2018-8-10 17:00:00,ì,",",ì,2018-8-10 17:00:00,ì
ì,ì,",",ì,Dark Pastel Green,ì,",",ì,#03c03c,ì,",",ì,2018-8-10 17:00:00,ì,",",ì,2018-8-10 17:00:00,ì
ì,ì,",",ì,Dark Pastel Purple,ì,",",ì,#966fd6,ì,",",ì,2018-8-10 17:00:00,ì,",",ì,2018-8-10 17:00:00,ì
ì,ì,",",ì,Dark Pastel Red,ì,",",ì,#c23b22,ì,",",ì,2018-8-10 17:00:00,ì,",",ì,2018-8-10 17:00:00,ì
ì,ì,",",ì,Dark Pink,ì,",",ì,#e75480,ì,",",ì,2018-8-10 17:00:00,ì,",",ì,2018-8-10 17:00:00,ì
ì,ì,",",ì,Dark Powder Blue,ì,",",ì,#039,ì,",",ì,2018-8-10 17:00:00,ì,",",ì,2018-8-10 17:00:00,ì
ì,ì,",",ì,Dark Raspberry,ì,",",ì,#872657,ì,",",ì,2018-8-10 17:00:00,ì,",",ì,2018-8-10 17:00:00,ì
ì,ì,",",ì,Dark Red,ì,",",ì,#8b0000,ì,",",ì,2018-8-10 17:00:00,ì,",",ì,2018-8-10 17:00:00,ì
ì,ì,",",ì,Dark Salmon,ì,",",ì,#e9967a,ì,",",ì,2018-8-10 17:00:00,ì,",",ì,2018-8-10 17:00:00,ì
ì,ì,",",ì,Dark Scarlet,ì,",",ì,#560319,ì,",",ì,2018-8-10 17:00:00,ì,",",ì,2018-8-10 17:00:00,ì
ì,ì,",",ì,Dark Sea Green,ì,",",ì,#8fbc8f,ì,",",ì,2018-8-10 17:00:00,ì,",",ì,2018-8-10 17:00:00,ì
ì,ì,",",ì,Dark Sienna,ì,",",ì,#3c1414,ì,",",ì,2018-8-10 17:00:00,ì,",",ì,2018-8-10 17:00:00,ì
ì,ì,",",ì,Dark Slate Blue,ì,",",ì,#483d8b,ì,",",ì,2018-8-10 17:00:00,ì,",",ì,2018-8-10 17:00:00,ì
ì,ì,",",ì,Dark Slate Gray,ì,",",ì,#2f4f4f,ì,",",ì,2018-8-10 17:00:00,ì,",",ì,2018-8-10 17:00:00,ì
ì,ì,",",ì,Dark Spring Green,ì,",",ì,#177245,ì,",",ì,2018-8-10 17:00:00,ì,",",ì,2018-8-10 17:00:00,ì
ì,ì,",",ì,Dark Tan,ì,",",ì,#918151,ì,",",ì,2018-8-10 17:00:00,ì,",",ì,2018-8-10 17:00:00,ì
ì,ì,",",ì,Dark Tangerine,ì,",",ì,#ffa812,ì,",",ì,2018-8-10 17:00:00,ì,",",ì,2018-8-10 17:00:00,ì
ì,ì,",",ì,Dark Taupe,ì,",",ì,#483c32,ì,",",ì,2018-8-10 17:00:00,ì,",",ì,2018-8-10 17:00:00,ì
ì,ì,",",ì,Dark Terra Cotta,ì,",",ì,#cc4e5c,ì,",",ì,2018-8-10 17:00:00,ì,",",ì,2018-8-10 17:00:00,ì
ì,ì,",",ì,Dark Turquoise,ì,",",ì,#00ced1,ì,",",ì,2018-8-10 17:00:00,ì,",",ì,2018-8-10 17:00:00,ì
ì,ì,",",ì,Dark Violet,ì,",",ì,#9400d3,ì,",",ì,2018-8-10 17:00:00,ì,",",ì,2018-8-10 17:00:00,ì
ì,ì,",",ì,Dark Yellow,ì,",",ì,#9b870c,ì,",",ì,2018-8-10 17:00:00,ì,",",ì,2018-8-10 17:00:00,ì
ì,ì,",",ì,Dartmouth Green,ì,",",ì,#00703c,ì,",",ì,2018-8-10 17:00:00,ì,",",ì,2018-8-10 17:00:00,ì
ì,ì,",",ì,Davy'S Grey,ì,",",ì,#555,ì,",",ì,2018-8-10 17:00:00,ì,",",ì,2018-8-10 17:00:00,ì
ì,ì,",",ì,Debian Red,ì,",",ì,#d70a53,ì,",",ì,2018-8-10 17:00:00,ì,",",ì,2018-8-10 17:00:00,ì
ì,ì,",",ì,Deep Carmine,ì,",",ì,#a9203e,ì,",",ì,2018-8-10 17:00:00,ì,",",ì,2018-8-10 17:00:00,ì
ì,ì,",",ì,Deep Carmine Pink,ì,",",ì,#ef3038,ì,",",ì,2018-8-10 17:00:00,ì,",",ì,2018-8-10 17:00:00,ì
ì,ì,",",ì,Deep Carrot Orange,ì,",",ì,#e9692c,ì,",",ì,2018-8-10 17:00:00,ì,",",ì,2018-8-10 17:00:00,ì
ì,ì,",",ì,Deep Cerise,ì,",",ì,#da3287,ì,",",ì,2018-8-10 17:00:00,ì,",",ì,2018-8-10 17:00:00,ì
ì,ì,",",ì,Deep Champagne,ì,",",ì,#fad6a5,ì,",",ì,2018-8-10 17:00:00,ì,",",ì,2018-8-10 17:00:00,ì
ì,ì,",",ì,Deep Chestnut,ì,",",ì,#b94e48,ì,",",ì,2018-8-10 17:00:00,ì,",",ì,2018-8-10 17:00:00,ì
ì,ì,",",ì,Deep Coffee,ì,",",ì,#704241,ì,",",ì,2018-8-10 17:00:00,ì,",",ì,2018-8-10 17:00:00,ì
ì,ì,",",ì,Deep Fuchsia,ì,",",ì,#c154c1,ì,",",ì,2018-8-10 17:00:00,ì,",",ì,2018-8-10 17:00:00,ì
ì,ì,",",ì,Deep Jungle Green,ì,",",ì,#004b49,ì,",",ì,2018-8-10 17:00:00,ì,",",ì,2018-8-10 17:00:00,ì
ì,ì,",",ì,Deep Lilac,ì,",",ì,#95b,ì,",",ì,2018-8-10 17:00:00,ì,",",ì,2018-8-10 17:00:00,ì
ì,ì,",",ì,Deep Magenta,ì,",",ì,#c0c,ì,",",ì,2018-8-10 17:00:00,ì,",",ì,2018-8-10 17:00:00,ì
ì,ì,",",ì,Deep Peach,ì,",",ì,#ffcba4,ì,",",ì,2018-8-10 17:00:00,ì,",",ì,2018-8-10 17:00:00,ì
ì,ì,",",ì,Deep Pink,ì,",",ì,#ff1493,ì,",",ì,2018-8-10 17:00:00,ì,",",ì,2018-8-10 17:00:00,ì
ì,ì,",",ì,Deep Ruby,ì,",",ì,#843f5b,ì,",",ì,2018-8-10 17:00:00,ì,",",ì,2018-8-10 17:00:00,ì
ì,ì,",",ì,Deep Saffron,ì,",",ì,#f93,ì,",",ì,2018-8-10 17:00:00,ì,",",ì,2018-8-10 17:00:00,ì
ì,ì,",",ì,Deep Sky Blue,ì,",",ì,#00bfff,ì,",",ì,2018-8-10 17:00:00,ì,",",ì,2018-8-10 17:00:00,ì
ì,ì,",",ì,Deep Tuscan Red,ì,",",ì,#66424d,ì,",",ì,2018-8-10 17:00:00,ì,",",ì,2018-8-10 17:00:00,ì
ì,ì,",",ì,Denim,ì,",",ì,#1560bd,ì,",",ì,2018-8-10 17:00:00,ì,",",ì,2018-8-10 17:00:00,ì
ì,ì,",",ì,Desert,ì,",",ì,#c19a6b,ì,",",ì,2018-8-10 17:00:00,ì,",",ì,2018-8-10 17:00:00,ì
ì,ì,",",ì,Desert Sand,ì,",",ì,#edc9af,ì,",",ì,2018-8-10 17:00:00,ì,",",ì,2018-8-10 17:00:00,ì
ì,ì,",",ì,Dim Gray,ì,",",ì,#696969,ì,",",ì,2018-8-10 17:00:00,ì,",",ì,2018-8-10 17:00:00,ì
ì,ì,",",ì,Dodger Blue,ì,",",ì,#1e90ff,ì,",",ì,2018-8-10 17:00:00,ì,",",ì,2018-8-10 17:00:00,ì
ì,ì,",",ì,Dogwood Rose,ì,",",ì,#d71868,ì,",",ì,2018-8-10 17:00:00,ì,",",ì,2018-8-10 17:00:00,ì
ì,ì,",",ì,Dollar Bill,ì,",",ì,#85bb65,ì,",",ì,2018-8-10 17:00:00,ì,",",ì,2018-8-10 17:00:00,ì
ì,ì,",",ì,Drab,ì,",",ì,#967117,ì,",",ì,2018-8-10 17:00:00,ì,",",ì,2018-8-10 17:00:00,ì
ì,ì,",",ì,Duke Blue,ì,",",ì,#00009c,ì,",",ì,2018-8-10 17:00:00,ì,",",ì,2018-8-10 17:00:00,ì
ì,ì,",",ì,Earth Yellow,ì,",",ì,#e1a95f,ì,",",ì,2018-8-10 17:00:00,ì,",",ì,2018-8-10 17:00:00,ì
ì,ì,",",ì,Ebony,ì,",",ì,#555d50,ì,",",ì,2018-8-10 17:00:00,ì,",",ì,2018-8-10 17:00:00,ì
ì,ì,",",ì,Ecru,ì,",",ì,#c2b280,ì,",",ì,2018-8-10 17:00:00,ì,",",ì,2018-8-10 17:00:00,ì
ì,ì,",",ì,Eggplant,ì,",",ì,#614051,ì,",",ì,2018-8-10 17:00:00,ì,",",ì,2018-8-10 17:00:00,ì
ì,ì,",",ì,Eggshell,ì,",",ì,#f0ead6,ì,",",ì,2018-8-10 17:00:00,ì,",",ì,2018-8-10 17:00:00,ì
ì,ì,",",ì,Egyptian Blue,ì,",",ì,#1034a6,ì,",",ì,2018-8-10 17:00:00,ì,",",ì,2018-8-10 17:00:00,ì
ì,ì,",",ì,Electric Blue,ì,",",ì,#7df9ff,ì,",",ì,2018-8-10 17:00:00,ì,",",ì,2018-8-10 17:00:00,ì
ì,ì,",",ì,Electric Crimson,ì,",",ì,#ff003f,ì,",",ì,2018-8-10 17:00:00,ì,",",ì,2018-8-10 17:00:00,ì
ì,ì,",",ì,Electric Cyan,ì,",",ì,#0ff,ì,",",ì,2018-8-10 17:00:00,ì,",",ì,2018-8-10 17:00:00,ì
ì,ì,",",ì,Electric Green,ì,",",ì,#0f0,ì,",",ì,2018-8-10 17:00:00,ì,",",ì,2018-8-10 17:00:00,ì
ì,ì,",",ì,Electric Indigo,ì,",",ì,#6f00ff,ì,",",ì,2018-8-10 17:00:00,ì,",",ì,2018-8-10 17:00:00,ì
ì,ì,",",ì,Electric Lavender,ì,",",ì,#f4bbff,ì,",",ì,2018-8-10 17:00:00,ì,",",ì,2018-8-10 17:00:00,ì
ì,ì,",",ì,Electric Lime,ì,",",ì,#cf0,ì,",",ì,2018-8-10 17:00:00,ì,",",ì,2018-8-10 17:00:00,ì
ì,ì,",",ì,Electric Purple,ì,",",ì,#bf00ff,ì,",",ì,2018-8-10 17:00:00,ì,",",ì,2018-8-10 17:00:00,ì
ì,ì,",",ì,Electric Ultramarine,ì,",",ì,#3f00ff,ì,",",ì,2018-8-10 17:00:00,ì,",",ì,2018-8-10 17:00:00,ì
ì,ì,",",ì,Electric Violet,ì,",",ì,#8f00ff,ì,",",ì,2018-8-10 17:00:00,ì,",",ì,2018-8-10 17:00:00,ì
ì,ì,",",ì,Electric Yellow,ì,",",ì,#ff0,ì,",",ì,2018-8-10 17:00:00,ì,",",ì,2018-8-10 17:00:00,ì
ì,ì,",",ì,Emerald,ì,",",ì,#50c878,ì,",",ì,2018-8-10 17:00:00,ì,",",ì,2018-8-10 17:00:00,ì
ì,ì,",",ì,English Lavender,ì,",",ì,#b48395,ì,",",ì,2018-8-10 17:00:00,ì,",",ì,2018-8-10 17:00:00,ì
ì,ì,",",ì,Eton Blue,ì,",",ì,#96c8a2,ì,",",ì,2018-8-10 17:00:00,ì,",",ì,2018-8-10 17:00:00,ì
ì,ì,",",ì,Fallow,ì,",",ì,#c19a6b,ì,",",ì,2018-8-10 17:00:00,ì,",",ì,2018-8-10 17:00:00,ì
ì,ì,",",ì,Falu Red,ì,",",ì,#801818,ì,",",ì,2018-8-10 17:00:00,ì,",",ì,2018-8-10 17:00:00,ì
ì,ì,",",ì,Fandango,ì,",",ì,#b53389,ì,",",ì,2018-8-10 17:00:00,ì,",",ì,2018-8-10 17:00:00,ì
ì,ì,",",ì,Fashion Fuchsia,ì,",",ì,#f400a1,ì,",",ì,2018-8-10 17:00:00,ì,",",ì,2018-8-10 17:00:00,ì
ì,ì,",",ì,Fawn,ì,",",ì,#e5aa70,ì,",",ì,2018-8-10 17:00:00,ì,",",ì,2018-8-10 17:00:00,ì
ì,ì,",",ì,Feldgrau,ì,",",ì,#4d5d53,ì,",",ì,2018-8-10 17:00:00,ì,",",ì,2018-8-10 17:00:00,ì
ì,ì,",",ì,Fern Green,ì,",",ì,#4f7942,ì,",",ì,2018-8-10 17:00:00,ì,",",ì,2018-8-10 17:00:00,ì
ì,ì,",",ì,Ferrari Red,ì,",",ì,#ff2800,ì,",",ì,2018-8-10 17:00:00,ì,",",ì,2018-8-10 17:00:00,ì
ì,ì,",",ì,Field Drab,ì,",",ì,#6c541e,ì,",",ì,2018-8-10 17:00:00,ì,",",ì,2018-8-10 17:00:00,ì
ì,ì,",",ì,Fire Engine Red,ì,",",ì,#ce2029,ì,",",ì,2018-8-10 17:00:00,ì,",",ì,2018-8-10 17:00:00,ì
ì,ì,",",ì,Firebrick,ì,",",ì,#b22222,ì,",",ì,2018-8-10 17:00:00,ì,",",ì,2018-8-10 17:00:00,ì
ì,ì,",",ì,Flame,ì,",",ì,#e25822,ì,",",ì,2018-8-10 17:00:00,ì,",",ì,2018-8-10 17:00:00,ì
ì,ì,",",ì,Flamingo Pink,ì,",",ì,#fc8eac,ì,",",ì,2018-8-10 17:00:00,ì,",",ì,2018-8-10 17:00:00,ì
ì,ì,",",ì,Flavescent,ì,",",ì,#f7e98e,ì,",",ì,2018-8-10 17:00:00,ì,",",ì,2018-8-10 17:00:00,ì
ì,ì,",",ì,Flax,ì,",",ì,#eedc82,ì,",",ì,2018-8-10 17:00:00,ì,",",ì,2018-8-10 17:00:00,ì
ì,ì,",",ì,Floral White,ì,",",ì,#fffaf0,ì,",",ì,2018-8-10 17:00:00,ì,",",ì,2018-8-10 17:00:00,ì
ì,ì,",",ì,Fluorescent Orange,ì,",",ì,#ffbf00,ì,",",ì,2018-8-10 17:00:00,ì,",",ì,2018-8-10 17:00:00,ì
ì,ì,",",ì,Fluorescent Pink,ì,",",ì,#ff1493,ì,",",ì,2018-8-10 17:00:00,ì,",",ì,2018-8-10 17:00:00,ì
ì,ì,",",ì,Fluorescent Yellow,ì,",",ì,#cf0,ì,",",ì,2018-8-10 17:00:00,ì,",",ì,2018-8-10 17:00:00,ì
ì,ì,",",ì,Folly,ì,",",ì,#ff004f,ì,",",ì,2018-8-10 17:00:00,ì,",",ì,2018-8-10 17:00:00,ì
ì,ì,",",ì,Forest Green (Traditional),ì,",",ì,#014421,ì,",",ì,2018-8-10 17:00:00,ì,",",ì,2018-8-10 17:00:00,ì
ì,ì,",",ì,Forest Green (Web),ì,",",ì,#228b22,ì,",",ì,2018-8-10 17:00:00,ì,",",ì,2018-8-10 17:00:00,ì
ì,ì,",",ì,French Beige,ì,",",ì,#a67b5b,ì,",",ì,2018-8-10 17:00:00,ì,",",ì,2018-8-10 17:00:00,ì
ì,ì,",",ì,French Blue,ì,",",ì,#0072bb,ì,",",ì,2018-8-10 17:00:00,ì,",",ì,2018-8-10 17:00:00,ì
ì,ì,",",ì,French Lilac,ì,",",ì,#86608e,ì,",",ì,2018-8-10 17:00:00,ì,",",ì,2018-8-10 17:00:00,ì
ì,ì,",",ì,French Lime,ì,",",ì,#cf0,ì,",",ì,2018-8-10 17:00:00,ì,",",ì,2018-8-10 17:00:00,ì
ì,ì,",",ì,French Raspberry,ì,",",ì,#c72c48,ì,",",ì,2018-8-10 17:00:00,ì,",",ì,2018-8-10 17:00:00,ì
ì,ì,",",ì,French Rose,ì,",",ì,#f64a8a,ì,",",ì,2018-8-10 17:00:00,ì,",",ì,2018-8-10 17:00:00,ì
ì,ì,",",ì,Fuchsia,ì,",",ì,#f0f,ì,",",ì,2018-8-10 17:00:00,ì,",",ì,2018-8-10 17:00:00,ì
ì,ì,",",ì,Fuchsia (Crayola),ì,",",ì,#c154c1,ì,",",ì,2018-8-10 17:00:00,ì,",",ì,2018-8-10 17:00:00,ì
ì,ì,",",ì,Fuchsia Pink,ì,",",ì,#f7f,ì,",",ì,2018-8-10 17:00:00,ì,",",ì,2018-8-10 17:00:00,ì
ì,ì,",",ì,Fuchsia Rose,ì,",",ì,#c74375,ì,",",ì,2018-8-10 17:00:00,ì,",",ì,2018-8-10 17:00:00,ì
ì,ì,",",ì,Fulvous,ì,",",ì,#e48400,ì,",",ì,2018-8-10 17:00:00,ì,",",ì,2018-8-10 17:00:00,ì
ì,ì,",",ì,Fuzzy Wuzzy,ì,",",ì,#c66,ì,",",ì,2018-8-10 17:00:00,ì,",",ì,2018-8-10 17:00:00,ì
ì,ì,",",ì,Gainsboro,ì,",",ì,#dcdcdc,ì,",",ì,2018-8-10 17:00:00,ì,",",ì,2018-8-10 17:00:00,ì
ì,ì,",",ì,Gamboge,ì,",",ì,#e49b0f,ì,",",ì,2018-8-10 17:00:00,ì,",",ì,2018-8-10 17:00:00,ì
ì,ì,",",ì,Ghost White,ì,",",ì,#f8f8ff,ì,",",ì,2018-8-10 17:00:00,ì,",",ì,2018-8-10 17:00:00,ì
ì,ì,",",ì,Ginger,ì,",",ì,#b06500,ì,",",ì,2018-8-10 17:00:00,ì,",",ì,2018-8-10 17:00:00,ì
ì,ì,",",ì,Glaucous,ì,",",ì,#6082b6,ì,",",ì,2018-8-10 17:00:00,ì,",",ì,2018-8-10 17:00:00,ì
ì,ì,",",ì,Glitter,ì,",",ì,#e6e8fa,ì,",",ì,2018-8-10 17:00:00,ì,",",ì,2018-8-10 17:00:00,ì
ì,ì,",",ì,Gold (Metallic),ì,",",ì,#d4af37,ì,",",ì,2018-8-10 17:00:00,ì,",",ì,2018-8-10 17:00:00,ì
ì,ì,",",ì,Gold (Web) (Golden),ì,",",ì,#ffd700,ì,",",ì,2018-8-10 17:00:00,ì,",",ì,2018-8-10 17:00:00,ì
ì,ì,",",ì,Golden Brown,ì,",",ì,#996515,ì,",",ì,2018-8-10 17:00:00,ì,",",ì,2018-8-10 17:00:00,ì
ì,ì,",",ì,Golden Poppy,ì,",",ì,#fcc200,ì,",",ì,2018-8-10 17:00:00,ì,",",ì,2018-8-10 17:00:00,ì
ì,ì,",",ì,Golden Yellow,ì,",",ì,#ffdf00,ì,",",ì,2018-8-10 17:00:00,ì,",",ì,2018-8-10 17:00:00,ì
ì,ì,",",ì,Goldenrod,ì,",",ì,#daa520,ì,",",ì,2018-8-10 17:00:00,ì,",",ì,2018-8-10 17:00:00,ì
ì,ì,",",ì,Granny Smith Apple,ì,",",ì,#a8e4a0,ì,",",ì,2018-8-10 17:00:00,ì,",",ì,2018-8-10 17:00:00,ì
ì,ì,",",ì,Gray,ì,",",ì,#808080,ì,",",ì,2018-8-10 17:00:00,ì,",",ì,2018-8-10 17:00:00,ì
ì,ì,",",ì,Gray-Asparagus,ì,",",ì,#465945,ì,",",ì,2018-8-10 17:00:00,ì,",",ì,2018-8-10 17:00:00,ì
ì,ì,",",ì,Gray (Html/Css Gray),ì,",",ì,#808080,ì,",",ì,2018-8-10 17:00:00,ì,",",ì,2018-8-10 17:00:00,ì
ì,ì,",",ì,Gray (X11 Gray),ì,",",ì,#bebebe,ì,",",ì,2018-8-10 17:00:00,ì,",",ì,2018-8-10 17:00:00,ì
ì,ì,",",ì,Green (Color Wheel) (X11 Green),ì,",",ì,#0f0,ì,",",ì,2018-8-10 17:00:00,ì,",",ì,2018-8-10 17:00:00,ì
ì,ì,",",ì,Green (Crayola),ì,",",ì,#1cac78,ì,",",ì,2018-8-10 17:00:00,ì,",",ì,2018-8-10 17:00:00,ì
ì,ì,",",ì,Green (Html/Css Green),ì,",",ì,#008000,ì,",",ì,2018-8-10 17:00:00,ì,",",ì,2018-8-10 17:00:00,ì
ì,ì,",",ì,Green (Munsell),ì,",",ì,#00a877,ì,",",ì,2018-8-10 17:00:00,ì,",",ì,2018-8-10 17:00:00,ì
ì,ì,",",ì,Green (Ncs),ì,",",ì,#009f6b,ì,",",ì,2018-8-10 17:00:00,ì,",",ì,2018-8-10 17:00:00,ì
ì,ì,",",ì,Green (Pigment),ì,",",ì,#00a550,ì,",",ì,2018-8-10 17:00:00,ì,",",ì,2018-8-10 17:00:00,ì
ì,ì,",",ì,Green (Ryb),ì,",",ì,#66b032,ì,",",ì,2018-8-10 17:00:00,ì,",",ì,2018-8-10 17:00:00,ì
ì,ì,",",ì,Green-Yellow,ì,",",ì,#adff2f,ì,",",ì,2018-8-10 17:00:00,ì,",",ì,2018-8-10 17:00:00,ì
ì,ì,",",ì,Grullo,ì,",",ì,#a99a86,ì,",",ì,2018-8-10 17:00:00,ì,",",ì,2018-8-10 17:00:00,ì
ì,ì,",",ì,Guppie Green,ì,",",ì,#00ff7f,ì,",",ì,2018-8-10 17:00:00,ì,",",ì,2018-8-10 17:00:00,ì
ì,ì,",",ì,Halay√† √∫Be,ì,",",ì,#663854,ì,",",ì,2018-8-10 17:00:00,ì,",",ì,2018-8-10 17:00:00,ì
ì,ì,",",ì,Han Blue,ì,",",ì,#446ccf,ì,",",ì,2018-8-10 17:00:00,ì,",",ì,2018-8-10 17:00:00,ì
ì,ì,",",ì,Han Purple,ì,",",ì,#5218fa,ì,",",ì,2018-8-10 17:00:00,ì,",",ì,2018-8-10 17:00:00,ì
ì,ì,",",ì,Hansa Yellow,ì,",",ì,#e9d66b,ì,",",ì,2018-8-10 17:00:00,ì,",",ì,2018-8-10 17:00:00,ì
ì,ì,",",ì,Harlequin,ì,",",ì,#3fff00,ì,",",ì,2018-8-10 17:00:00,ì,",",ì,2018-8-10 17:00:00,ì
ì,ì,",",ì,Harvard Crimson,ì,",",ì,#c90016,ì,",",ì,2018-8-10 17:00:00,ì,",",ì,2018-8-10 17:00:00,ì
ì,ì,",",ì,Harvest Gold,ì,",",ì,#da9100,ì,",",ì,2018-8-10 17:00:00,ì,",",ì,2018-8-10 17:00:00,ì
ì,ì,",",ì,Heart Gold,ì,",",ì,#808000,ì,",",ì,2018-8-10 17:00:00,ì,",",ì,2018-8-10 17:00:00,ì
ì,ì,",",ì,Heliotrope,ì,",",ì,#df73ff,ì,",",ì,2018-8-10 17:00:00,ì,",",ì,2018-8-10 17:00:00,ì
ì,ì,",",ì,Hollywood Cerise,ì,",",ì,#f400a1,ì,",",ì,2018-8-10 17:00:00,ì,",",ì,2018-8-10 17:00:00,ì
ì,ì,",",ì,Honeydew,ì,",",ì,#f0fff0,ì,",",ì,2018-8-10 17:00:00,ì,",",ì,2018-8-10 17:00:00,ì
ì,ì,",",ì,Honolulu Blue,ì,",",ì,#007fbf,ì,",",ì,2018-8-10 17:00:00,ì,",",ì,2018-8-10 17:00:00,ì
ì,ì,",",ì,Hooker'S Green,ì,",",ì,#49796b,ì,",",ì,2018-8-10 17:00:00,ì,",",ì,2018-8-10 17:00:00,ì
ì,ì,",",ì,Hot Magenta,ì,",",ì,#ff1dce,ì,",",ì,2018-8-10 17:00:00,ì,",",ì,2018-8-10 17:00:00,ì
ì,ì,",",ì,Hot Pink,ì,",",ì,#ff69b4,ì,",",ì,2018-8-10 17:00:00,ì,",",ì,2018-8-10 17:00:00,ì
ì,ì,",",ì,Hunter Green,ì,",",ì,#355e3b,ì,",",ì,2018-8-10 17:00:00,ì,",",ì,2018-8-10 17:00:00,ì
ì,ì,",",ì,Iceberg,ì,",",ì,#71a6d2,ì,",",ì,2018-8-10 17:00:00,ì,",",ì,2018-8-10 17:00:00,ì
ì,ì,",",ì,Icterine,ì,",",ì,#fcf75e,ì,",",ì,2018-8-10 17:00:00,ì,",",ì,2018-8-10 17:00:00,ì
ì,ì,",",ì,Imperial Blue,ì,",",ì,#002395,ì,",",ì,2018-8-10 17:00:00,ì,",",ì,2018-8-10 17:00:00,ì
ì,ì,",",ì,Inchworm,ì,",",ì,#b2ec5d,ì,",",ì,2018-8-10 17:00:00,ì,",",ì,2018-8-10 17:00:00,ì
ì,ì,",",ì,India Green,ì,",",ì,#138808,ì,",",ì,2018-8-10 17:00:00,ì,",",ì,2018-8-10 17:00:00,ì
ì,ì,",",ì,Indian Red,ì,",",ì,#cd5c5c,ì,",",ì,2018-8-10 17:00:00,ì,",",ì,2018-8-10 17:00:00,ì
ì,ì,",",ì,Indian Yellow,ì,",",ì,#e3a857,ì,",",ì,2018-8-10 17:00:00,ì,",",ì,2018-8-10 17:00:00,ì
ì,ì,",",ì,Indigo,ì,",",ì,#6f00ff,ì,",",ì,2018-8-10 17:00:00,ì,",",ì,2018-8-10 17:00:00,ì
ì,ì,",",ì,Indigo (Dye),ì,",",ì,#00416a,ì,",",ì,2018-8-10 17:00:00,ì,",",ì,2018-8-10 17:00:00,ì
ì,ì,",",ì,Indigo (Web),ì,",",ì,#4b0082,ì,",",ì,2018-8-10 17:00:00,ì,",",ì,2018-8-10 17:00:00,ì
ì,ì,",",ì,International Klein Blue,ì,",",ì,#002fa7,ì,",",ì,2018-8-10 17:00:00,ì,",",ì,2018-8-10 17:00:00,ì
ì,ì,",",ì,International Orange (Aerospace),ì,",",ì,#ff4f00,ì,",",ì,2018-8-10 17:00:00,ì,",",ì,2018-8-10 17:00:00,ì
ì,ì,",",ì,International Orange (Engineering),ì,",",ì,#ba160c,ì,",",ì,2018-8-10 17:00:00,ì,",",ì,2018-8-10 17:00:00,ì
ì,ì,",",ì,International Orange (Golden Gate Bridge),ì,",",ì,#c0362c,ì,",",ì,2018-8-10 17:00:00,ì,",",ì,2018-8-10 17:00:00,ì
ì,ì,",",ì,Iris,ì,",",ì,#5a4fcf,ì,",",ì,2018-8-10 17:00:00,ì,",",ì,2018-8-10 17:00:00,ì
ì,ì,",",ì,Isabelline,ì,",",ì,#f4f0ec,ì,",",ì,2018-8-10 17:00:00,ì,",",ì,2018-8-10 17:00:00,ì
ì,ì,",",ì,Islamic Green,ì,",",ì,#009000,ì,",",ì,2018-8-10 17:00:00,ì,",",ì,2018-8-10 17:00:00,ì
ì,ì,",",ì,Ivory,ì,",",ì,#fffff0,ì,",",ì,2018-8-10 17:00:00,ì,",",ì,2018-8-10 17:00:00,ì
ì,ì,",",ì,Jade,ì,",",ì,#00a86b,ì,",",ì,2018-8-10 17:00:00,ì,",",ì,2018-8-10 17:00:00,ì
ì,ì,",",ì,Jasmine,ì,",",ì,#f8de7e,ì,",",ì,2018-8-10 17:00:00,ì,",",ì,2018-8-10 17:00:00,ì
ì,ì,",",ì,Jasper,ì,",",ì,#d73b3e,ì,",",ì,2018-8-10 17:00:00,ì,",",ì,2018-8-10 17:00:00,ì
ì,ì,",",ì,Jazzberry Jam,ì,",",ì,#a50b5e,ì,",",ì,2018-8-10 17:00:00,ì,",",ì,2018-8-10 17:00:00,ì
ì,ì,",",ì,Jet,ì,",",ì,#343434,ì,",",ì,2018-8-10 17:00:00,ì,",",ì,2018-8-10 17:00:00,ì
ì,ì,",",ì,Jonquil,ì,",",ì,#fada5e,ì,",",ì,2018-8-10 17:00:00,ì,",",ì,2018-8-10 17:00:00,ì
ì,ì,",",ì,June Bud,ì,",",ì,#bdda57,ì,",",ì,2018-8-10 17:00:00,ì,",",ì,2018-8-10 17:00:00,ì
ì,ì,",",ì,Jungle Green,ì,",",ì,#29ab87,ì,",",ì,2018-8-10 17:00:00,ì,",",ì,2018-8-10 17:00:00,ì
ì,ì,",",ì,Kelly Green,ì,",",ì,#4cbb17,ì,",",ì,2018-8-10 17:00:00,ì,",",ì,2018-8-10 17:00:00,ì
ì,ì,",",ì,Kenyan Copper,ì,",",ì,#7c1c05,ì,",",ì,2018-8-10 17:00:00,ì,",",ì,2018-8-10 17:00:00,ì
ì,ì,",",ì,Khaki (Html/Css) (Khaki),ì,",",ì,#c3b091,ì,",",ì,2018-8-10 17:00:00,ì,",",ì,2018-8-10 17:00:00,ì
ì,ì,",",ì,Khaki (X11) (Light Khaki),ì,",",ì,#f0e68c,ì,",",ì,2018-8-10 17:00:00,ì,",",ì,2018-8-10 17:00:00,ì
ì,ì,",",ì,Ku Crimson,ì,",",ì,#e8000d,ì,",",ì,2018-8-10 17:00:00,ì,",",ì,2018-8-10 17:00:00,ì
ì,ì,",",ì,La Salle Green,ì,",",ì,#087830,ì,",",ì,2018-8-10 17:00:00,ì,",",ì,2018-8-10 17:00:00,ì
ì,ì,",",ì,Languid Lavender,ì,",",ì,#d6cadd,ì,",",ì,2018-8-10 17:00:00,ì,",",ì,2018-8-10 17:00:00,ì
ì,ì,",",ì,Lapis Lazuli,ì,",",ì,#26619c,ì,",",ì,2018-8-10 17:00:00,ì,",",ì,2018-8-10 17:00:00,ì
ì,ì,",",ì,Laser Lemon,ì,",",ì,#fefe22,ì,",",ì,2018-8-10 17:00:00,ì,",",ì,2018-8-10 17:00:00,ì
ì,ì,",",ì,Laurel Green,ì,",",ì,#a9ba9d,ì,",",ì,2018-8-10 17:00:00,ì,",",ì,2018-8-10 17:00:00,ì
ì,ì,",",ì,Lava,ì,",",ì,#cf1020,ì,",",ì,2018-8-10 17:00:00,ì,",",ì,2018-8-10 17:00:00,ì
ì,ì,",",ì,Lavender Blue,ì,",",ì,#ccf,ì,",",ì,2018-8-10 17:00:00,ì,",",ì,2018-8-10 17:00:00,ì
ì,ì,",",ì,Lavender Blush,ì,",",ì,#fff0f5,ì,",",ì,2018-8-10 17:00:00,ì,",",ì,2018-8-10 17:00:00,ì
ì,ì,",",ì,Lavender (Floral),ì,",",ì,#b57edc,ì,",",ì,2018-8-10 17:00:00,ì,",",ì,2018-8-10 17:00:00,ì
ì,ì,",",ì,Lavender Gray,ì,",",ì,#c4c3d0,ì,",",ì,2018-8-10 17:00:00,ì,",",ì,2018-8-10 17:00:00,ì
ì,ì,",",ì,Lavender Indigo,ì,",",ì,#9457eb,ì,",",ì,2018-8-10 17:00:00,ì,",",ì,2018-8-10 17:00:00,ì
ì,ì,",",ì,Lavender Magenta,ì,",",ì,#ee82ee,ì,",",ì,2018-8-10 17:00:00,ì,",",ì,2018-8-10 17:00:00,ì
ì,ì,",",ì,Lavender Mist,ì,",",ì,#e6e6fa,ì,",",ì,2018-8-10 17:00:00,ì,",",ì,2018-8-10 17:00:00,ì
ì,ì,",",ì,Lavender Pink,ì,",",ì,#fbaed2,ì,",",ì,2018-8-10 17:00:00,ì,",",ì,2018-8-10 17:00:00,ì
ì,ì,",",ì,Lavender Purple,ì,",",ì,#967bb6,ì,",",ì,2018-8-10 17:00:00,ì,",",ì,2018-8-10 17:00:00,ì
ì,ì,",",ì,Lavender Rose,ì,",",ì,#fba0e3,ì,",",ì,2018-8-10 17:00:00,ì,",",ì,2018-8-10 17:00:00,ì
ì,ì,",",ì,Lavender (Web),ì,",",ì,#e6e6fa,ì,",",ì,2018-8-10 17:00:00,ì,",",ì,2018-8-10 17:00:00,ì
ì,ì,",",ì,Lawn Green,ì,",",ì,#7cfc00,ì,",",ì,2018-8-10 17:00:00,ì,",",ì,2018-8-10 17:00:00,ì
ì,ì,",",ì,Lemon,ì,",",ì,#fff700,ì,",",ì,2018-8-10 17:00:00,ì,",",ì,2018-8-10 17:00:00,ì
ì,ì,",",ì,Lemon Chiffon,ì,",",ì,#fffacd,ì,",",ì,2018-8-10 17:00:00,ì,",",ì,2018-8-10 17:00:00,ì
ì,ì,",",ì,Lemon Lime,ì,",",ì,#e3ff00,ì,",",ì,2018-8-10 17:00:00,ì,",",ì,2018-8-10 17:00:00,ì
ì,ì,",",ì,Licorice,ì,",",ì,#1a1110,ì,",",ì,2018-8-10 17:00:00,ì,",",ì,2018-8-10 17:00:00,ì
ì,ì,",",ì,Light Apricot,ì,",",ì,#fdd5b1,ì,",",ì,2018-8-10 17:00:00,ì,",",ì,2018-8-10 17:00:00,ì
ì,ì,",",ì,Light Blue,ì,",",ì,#add8e6,ì,",",ì,2018-8-10 17:00:00,ì,",",ì,2018-8-10 17:00:00,ì
ì,ì,",",ì,Light Brown,ì,",",ì,#b5651d,ì,",",ì,2018-8-10 17:00:00,ì,",",ì,2018-8-10 17:00:00,ì
ì,ì,",",ì,Light Carmine Pink,ì,",",ì,#e66771,ì,",",ì,2018-8-10 17:00:00,ì,",",ì,2018-8-10 17:00:00,ì
ì,ì,",",ì,Light Coral,ì,",",ì,#f08080,ì,",",ì,2018-8-10 17:00:00,ì,",",ì,2018-8-10 17:00:00,ì
ì,ì,",",ì,Light Cornflower Blue,ì,",",ì,#93ccea,ì,",",ì,2018-8-10 17:00:00,ì,",",ì,2018-8-10 17:00:00,ì
ì,ì,",",ì,Light Crimson,ì,",",ì,#f56991,ì,",",ì,2018-8-10 17:00:00,ì,",",ì,2018-8-10 17:00:00,ì
ì,ì,",",ì,Light Cyan,ì,",",ì,#e0ffff,ì,",",ì,2018-8-10 17:00:00,ì,",",ì,2018-8-10 17:00:00,ì
ì,ì,",",ì,Light Fuchsia Pink,ì,",",ì,#f984ef,ì,",",ì,2018-8-10 17:00:00,ì,",",ì,2018-8-10 17:00:00,ì
ì,ì,",",ì,Light Goldenrod Yellow,ì,",",ì,#fafad2,ì,",",ì,2018-8-10 17:00:00,ì,",",ì,2018-8-10 17:00:00,ì
ì,ì,",",ì,Light Gray,ì,",",ì,#d3d3d3,ì,",",ì,2018-8-10 17:00:00,ì,",",ì,2018-8-10 17:00:00,ì
ì,ì,",",ì,Light Green,ì,",",ì,#90ee90,ì,",",ì,2018-8-10 17:00:00,ì,",",ì,2018-8-10 17:00:00,ì
ì,ì,",",ì,Light Khaki,ì,",",ì,#f0e68c,ì,",",ì,2018-8-10 17:00:00,ì,",",ì,2018-8-10 17:00:00,ì
ì,ì,",",ì,Light Pastel Purple,ì,",",ì,#b19cd9,ì,",",ì,2018-8-10 17:00:00,ì,",",ì,2018-8-10 17:00:00,ì
ì,ì,",",ì,Light Pink,ì,",",ì,#ffb6c1,ì,",",ì,2018-8-10 17:00:00,ì,",",ì,2018-8-10 17:00:00,ì
ì,ì,",",ì,Light Red Ochre,ì,",",ì,#e97451,ì,",",ì,2018-8-10 17:00:00,ì,",",ì,2018-8-10 17:00:00,ì
ì,ì,",",ì,Light Salmon,ì,",",ì,#ffa07a,ì,",",ì,2018-8-10 17:00:00,ì,",",ì,2018-8-10 17:00:00,ì
ì,ì,",",ì,Light Salmon Pink,ì,",",ì,#f99,ì,",",ì,2018-8-10 17:00:00,ì,",",ì,2018-8-10 17:00:00,ì
ì,ì,",",ì,Light Sea Green,ì,",",ì,#20b2aa,ì,",",ì,2018-8-10 17:00:00,ì,",",ì,2018-8-10 17:00:00,ì
ì,ì,",",ì,Light Sky Blue,ì,",",ì,#87cefa,ì,",",ì,2018-8-10 17:00:00,ì,",",ì,2018-8-10 17:00:00,ì
ì,ì,",",ì,Light Slate Gray,ì,",",ì,#789,ì,",",ì,2018-8-10 17:00:00,ì,",",ì,2018-8-10 17:00:00,ì
ì,ì,",",ì,Light Taupe,ì,",",ì,#b38b6d,ì,",",ì,2018-8-10 17:00:00,ì,",",ì,2018-8-10 17:00:00,ì
ì,ì,",",ì,Light Thulian Pink,ì,",",ì,#e68fac,ì,",",ì,2018-8-10 17:00:00,ì,",",ì,2018-8-10 17:00:00,ì
ì,ì,",",ì,Light Yellow,ì,",",ì,#ffffe0,ì,",",ì,2018-8-10 17:00:00,ì,",",ì,2018-8-10 17:00:00,ì
ì,ì,",",ì,Lilac,ì,",",ì,#c8a2c8,ì,",",ì,2018-8-10 17:00:00,ì,",",ì,2018-8-10 17:00:00,ì
ì,ì,",",ì,Lime (Color Wheel),ì,",",ì,#bfff00,ì,",",ì,2018-8-10 17:00:00,ì,",",ì,2018-8-10 17:00:00,ì
ì,ì,",",ì,Lime Green,ì,",",ì,#32cd32,ì,",",ì,2018-8-10 17:00:00,ì,",",ì,2018-8-10 17:00:00,ì
ì,ì,",",ì,Lime (Web) (X11 Green),ì,",",ì,#0f0,ì,",",ì,2018-8-10 17:00:00,ì,",",ì,2018-8-10 17:00:00,ì
ì,ì,",",ì,Limerick,ì,",",ì,#9dc209,ì,",",ì,2018-8-10 17:00:00,ì,",",ì,2018-8-10 17:00:00,ì
ì,ì,",",ì,Lincoln Green,ì,",",ì,#195905,ì,",",ì,2018-8-10 17:00:00,ì,",",ì,2018-8-10 17:00:00,ì
ì,ì,",",ì,Linen,ì,",",ì,#faf0e6,ì,",",ì,2018-8-10 17:00:00,ì,",",ì,2018-8-10 17:00:00,ì
ì,ì,",",ì,Lion,ì,",",ì,#c19a6b,ì,",",ì,2018-8-10 17:00:00,ì,",",ì,2018-8-10 17:00:00,ì
ì,ì,",",ì,Little Boy Blue,ì,",",ì,#6ca0dc,ì,",",ì,2018-8-10 17:00:00,ì,",",ì,2018-8-10 17:00:00,ì
ì,ì,",",ì,Liver,ì,",",ì,#534b4f,ì,",",ì,2018-8-10 17:00:00,ì,",",ì,2018-8-10 17:00:00,ì
ì,ì,",",ì,Lust,ì,",",ì,#e62020,ì,",",ì,2018-8-10 17:00:00,ì,",",ì,2018-8-10 17:00:00,ì
ì,ì,",",ì,Magenta,ì,",",ì,#f0f,ì,",",ì,2018-8-10 17:00:00,ì,",",ì,2018-8-10 17:00:00,ì
ì,ì,",",ì,Magenta (Dye),ì,",",ì,#ca1f7b,ì,",",ì,2018-8-10 17:00:00,ì,",",ì,2018-8-10 17:00:00,ì
ì,ì,",",ì,Magenta (Process),ì,",",ì,#ff0090,ì,",",ì,2018-8-10 17:00:00,ì,",",ì,2018-8-10 17:00:00,ì
ì,ì,",",ì,Magic Mint,ì,",",ì,#aaf0d1,ì,",",ì,2018-8-10 17:00:00,ì,",",ì,2018-8-10 17:00:00,ì
ì,ì,",",ì,Magnolia,ì,",",ì,#f8f4ff,ì,",",ì,2018-8-10 17:00:00,ì,",",ì,2018-8-10 17:00:00,ì
ì,ì,",",ì,Mahogany,ì,",",ì,#c04000,ì,",",ì,2018-8-10 17:00:00,ì,",",ì,2018-8-10 17:00:00,ì
ì,ì,",",ì,Maize,ì,",",ì,#fbec5d,ì,",",ì,2018-8-10 17:00:00,ì,",",ì,2018-8-10 17:00:00,ì
ì,ì,",",ì,Majorelle Blue,ì,",",ì,#6050dc,ì,",",ì,2018-8-10 17:00:00,ì,",",ì,2018-8-10 17:00:00,ì
ì,ì,",",ì,Malachite,ì,",",ì,#0bda51,ì,",",ì,2018-8-10 17:00:00,ì,",",ì,2018-8-10 17:00:00,ì
ì,ì,",",ì,Manatee,ì,",",ì,#979aaa,ì,",",ì,2018-8-10 17:00:00,ì,",",ì,2018-8-10 17:00:00,ì
ì,ì,",",ì,Mango Tango,ì,",",ì,#ff8243,ì,",",ì,2018-8-10 17:00:00,ì,",",ì,2018-8-10 17:00:00,ì
ì,ì,",",ì,Mantis,ì,",",ì,#74c365,ì,",",ì,2018-8-10 17:00:00,ì,",",ì,2018-8-10 17:00:00,ì
ì,ì,",",ì,Mardi Gras,ì,",",ì,#880085,ì,",",ì,2018-8-10 17:00:00,ì,",",ì,2018-8-10 17:00:00,ì
ì,ì,",",ì,Maroon (Crayola),ì,",",ì,#c32148,ì,",",ì,2018-8-10 17:00:00,ì,",",ì,2018-8-10 17:00:00,ì
ì,ì,",",ì,Maroon (Html/Css),ì,",",ì,#800000,ì,",",ì,2018-8-10 17:00:00,ì,",",ì,2018-8-10 17:00:00,ì
ì,ì,",",ì,Maroon (X11),ì,",",ì,#b03060,ì,",",ì,2018-8-10 17:00:00,ì,",",ì,2018-8-10 17:00:00,ì
ì,ì,",",ì,Mauve,ì,",",ì,#e0b0ff,ì,",",ì,2018-8-10 17:00:00,ì,",",ì,2018-8-10 17:00:00,ì
ì,ì,",",ì,Mauve Taupe,ì,",",ì,#915f6d,ì,",",ì,2018-8-10 17:00:00,ì,",",ì,2018-8-10 17:00:00,ì
ì,ì,",",ì,Mauvelous,ì,",",ì,#ef98aa,ì,",",ì,2018-8-10 17:00:00,ì,",",ì,2018-8-10 17:00:00,ì
ì,ì,",",ì,Maya Blue,ì,",",ì,#73c2fb,ì,",",ì,2018-8-10 17:00:00,ì,",",ì,2018-8-10 17:00:00,ì
ì,ì,",",ì,Meat Brown,ì,",",ì,#e5b73b,ì,",",ì,2018-8-10 17:00:00,ì,",",ì,2018-8-10 17:00:00,ì
ì,ì,",",ì,Medium Aquamarine,ì,",",ì,#6da,ì,",",ì,2018-8-10 17:00:00,ì,",",ì,2018-8-10 17:00:00,ì
ì,ì,",",ì,Medium Blue,ì,",",ì,#0000cd,ì,",",ì,2018-8-10 17:00:00,ì,",",ì,2018-8-10 17:00:00,ì
ì,ì,",",ì,Medium Candy Apple Red,ì,",",ì,#e2062c,ì,",",ì,2018-8-10 17:00:00,ì,",",ì,2018-8-10 17:00:00,ì
ì,ì,",",ì,Medium Carmine,ì,",",ì,#af4035,ì,",",ì,2018-8-10 17:00:00,ì,",",ì,2018-8-10 17:00:00,ì
ì,ì,",",ì,Medium Champagne,ì,",",ì,#f3e5ab,ì,",",ì,2018-8-10 17:00:00,ì,",",ì,2018-8-10 17:00:00,ì
ì,ì,",",ì,Medium Electric Blue,ì,",",ì,#035096,ì,",",ì,2018-8-10 17:00:00,ì,",",ì,2018-8-10 17:00:00,ì
ì,ì,",",ì,Medium Jungle Green,ì,",",ì,#1c352d,ì,",",ì,2018-8-10 17:00:00,ì,",",ì,2018-8-10 17:00:00,ì
ì,ì,",",ì,Medium Lavender Magenta,ì,",",ì,#dda0dd,ì,",",ì,2018-8-10 17:00:00,ì,",",ì,2018-8-10 17:00:00,ì
ì,ì,",",ì,Medium Orchid,ì,",",ì,#ba55d3,ì,",",ì,2018-8-10 17:00:00,ì,",",ì,2018-8-10 17:00:00,ì
ì,ì,",",ì,Medium Persian Blue,ì,",",ì,#0067a5,ì,",",ì,2018-8-10 17:00:00,ì,",",ì,2018-8-10 17:00:00,ì
ì,ì,",",ì,Medium Purple,ì,",",ì,#9370db,ì,",",ì,2018-8-10 17:00:00,ì,",",ì,2018-8-10 17:00:00,ì
ì,ì,",",ì,Medium Red-Violet,ì,",",ì,#bb3385,ì,",",ì,2018-8-10 17:00:00,ì,",",ì,2018-8-10 17:00:00,ì
ì,ì,",",ì,Medium Ruby,ì,",",ì,#aa4069,ì,",",ì,2018-8-10 17:00:00,ì,",",ì,2018-8-10 17:00:00,ì
ì,ì,",",ì,Medium Sea Green,ì,",",ì,#3cb371,ì,",",ì,2018-8-10 17:00:00,ì,",",ì,2018-8-10 17:00:00,ì
ì,ì,",",ì,Medium Slate Blue,ì,",",ì,#7b68ee,ì,",",ì,2018-8-10 17:00:00,ì,",",ì,2018-8-10 17:00:00,ì
ì,ì,",",ì,Medium Spring Bud,ì,",",ì,#c9dc87,ì,",",ì,2018-8-10 17:00:00,ì,",",ì,2018-8-10 17:00:00,ì
ì,ì,",",ì,Medium Spring Green,ì,",",ì,#00fa9a,ì,",",ì,2018-8-10 17:00:00,ì,",",ì,2018-8-10 17:00:00,ì
ì,ì,",",ì,Medium Taupe,ì,",",ì,#674c47,ì,",",ì,2018-8-10 17:00:00,ì,",",ì,2018-8-10 17:00:00,ì
ì,ì,",",ì,Medium Turquoise,ì,",",ì,#48d1cc,ì,",",ì,2018-8-10 17:00:00,ì,",",ì,2018-8-10 17:00:00,ì
ì,ì,",",ì,Medium Tuscan Red,ì,",",ì,#79443b,ì,",",ì,2018-8-10 17:00:00,ì,",",ì,2018-8-10 17:00:00,ì
ì,ì,",",ì,Medium Vermilion,ì,",",ì,#d9603b,ì,",",ì,2018-8-10 17:00:00,ì,",",ì,2018-8-10 17:00:00,ì
ì,ì,",",ì,Medium Violet-Red,ì,",",ì,#c71585,ì,",",ì,2018-8-10 17:00:00,ì,",",ì,2018-8-10 17:00:00,ì
ì,ì,",",ì,Mellow Apricot,ì,",",ì,#f8b878,ì,",",ì,2018-8-10 17:00:00,ì,",",ì,2018-8-10 17:00:00,ì
ì,ì,",",ì,Mellow Yellow,ì,",",ì,#f8de7e,ì,",",ì,2018-8-10 17:00:00,ì,",",ì,2018-8-10 17:00:00,ì
ì,ì,",",ì,Melon,ì,",",ì,#fdbcb4,ì,",",ì,2018-8-10 17:00:00,ì,",",ì,2018-8-10 17:00:00,ì
ì,ì,",",ì,Midnight Blue,ì,",",ì,#191970,ì,",",ì,2018-8-10 17:00:00,ì,",",ì,2018-8-10 17:00:00,ì
ì,ì,",",ì,Midnight Green (Eagle Green),ì,",",ì,#004953,ì,",",ì,2018-8-10 17:00:00,ì,",",ì,2018-8-10 17:00:00,ì
ì,ì,",",ì,Mikado Yellow,ì,",",ì,#ffc40c,ì,",",ì,2018-8-10 17:00:00,ì,",",ì,2018-8-10 17:00:00,ì
ì,ì,",",ì,Mint,ì,",",ì,#3eb489,ì,",",ì,2018-8-10 17:00:00,ì,",",ì,2018-8-10 17:00:00,ì
ì,ì,",",ì,Mint Cream,ì,",",ì,#f5fffa,ì,",",ì,2018-8-10 17:00:00,ì,",",ì,2018-8-10 17:00:00,ì
ì,ì,",",ì,Mint Green,ì,",",ì,#98ff98,ì,",",ì,2018-8-10 17:00:00,ì,",",ì,2018-8-10 17:00:00,ì
ì,ì,",",ì,Misty Rose,ì,",",ì,#ffe4e1,ì,",",ì,2018-8-10 17:00:00,ì,",",ì,2018-8-10 17:00:00,ì
ì,ì,",",ì,Moccasin,ì,",",ì,#faebd7,ì,",",ì,2018-8-10 17:00:00,ì,",",ì,2018-8-10 17:00:00,ì
ì,ì,",",ì,Mode Beige,ì,",",ì,#967117,ì,",",ì,2018-8-10 17:00:00,ì,",",ì,2018-8-10 17:00:00,ì
ì,ì,",",ì,Moonstone Blue,ì,",",ì,#73a9c2,ì,",",ì,2018-8-10 17:00:00,ì,",",ì,2018-8-10 17:00:00,ì
ì,ì,",",ì,Mordant Red 19,ì,",",ì,#ae0c00,ì,",",ì,2018-8-10 17:00:00,ì,",",ì,2018-8-10 17:00:00,ì
ì,ì,",",ì,Moss Green,ì,",",ì,#addfad,ì,",",ì,2018-8-10 17:00:00,ì,",",ì,2018-8-10 17:00:00,ì
ì,ì,",",ì,Mountain Meadow,ì,",",ì,#30ba8f,ì,",",ì,2018-8-10 17:00:00,ì,",",ì,2018-8-10 17:00:00,ì
ì,ì,",",ì,Mountbatten Pink,ì,",",ì,#997a8d,ì,",",ì,2018-8-10 17:00:00,ì,",",ì,2018-8-10 17:00:00,ì
ì,ì,",",ì,Msu Green,ì,",",ì,#18453b,ì,",",ì,2018-8-10 17:00:00,ì,",",ì,2018-8-10 17:00:00,ì
ì,ì,",",ì,Mulberry,ì,",",ì,#c54b8c,ì,",",ì,2018-8-10 17:00:00,ì,",",ì,2018-8-10 17:00:00,ì
ì,ì,",",ì,Mustard,ì,",",ì,#ffdb58,ì,",",ì,2018-8-10 17:00:00,ì,",",ì,2018-8-10 17:00:00,ì
ì,ì,",",ì,Myrtle,ì,",",ì,#21421e,ì,",",ì,2018-8-10 17:00:00,ì,",",ì,2018-8-10 17:00:00,ì
ì,ì,",",ì,Nadeshiko Pink,ì,",",ì,#f6adc6,ì,",",ì,2018-8-10 17:00:00,ì,",",ì,2018-8-10 17:00:00,ì
ì,ì,",",ì,Napier Green,ì,",",ì,#2a8000,ì,",",ì,2018-8-10 17:00:00,ì,",",ì,2018-8-10 17:00:00,ì
ì,ì,",",ì,Naples Yellow,ì,",",ì,#fada5e,ì,",",ì,2018-8-10 17:00:00,ì,",",ì,2018-8-10 17:00:00,ì
ì,ì,",",ì,Navajo White,ì,",",ì,#ffdead,ì,",",ì,2018-8-10 17:00:00,ì,",",ì,2018-8-10 17:00:00,ì
ì,ì,",",ì,Navy Blue,ì,",",ì,#000080,ì,",",ì,2018-8-10 17:00:00,ì,",",ì,2018-8-10 17:00:00,ì
ì,ì,",",ì,Neon Carrot,ì,",",ì,#ffa343,ì,",",ì,2018-8-10 17:00:00,ì,",",ì,2018-8-10 17:00:00,ì
ì,ì,",",ì,Neon Fuchsia,ì,",",ì,#fe4164,ì,",",ì,2018-8-10 17:00:00,ì,",",ì,2018-8-10 17:00:00,ì
ì,ì,",",ì,Neon Green,ì,",",ì,#39ff14,ì,",",ì,2018-8-10 17:00:00,ì,",",ì,2018-8-10 17:00:00,ì
ì,ì,",",ì,New York Pink,ì,",",ì,#d7837f,ì,",",ì,2018-8-10 17:00:00,ì,",",ì,2018-8-10 17:00:00,ì
ì,ì,",",ì,Non-Photo Blue,ì,",",ì,#a4dded,ì,",",ì,2018-8-10 17:00:00,ì,",",ì,2018-8-10 17:00:00,ì
ì,ì,",",ì,North Texas Green,ì,",",ì,#059033,ì,",",ì,2018-8-10 17:00:00,ì,",",ì,2018-8-10 17:00:00,ì
ì,ì,",",ì,Ocean Boat Blue,ì,",",ì,#0077be,ì,",",ì,2018-8-10 17:00:00,ì,",",ì,2018-8-10 17:00:00,ì
ì,ì,",",ì,Ochre,ì,",",ì,#c72,ì,",",ì,2018-8-10 17:00:00,ì,",",ì,2018-8-10 17:00:00,ì
ì,ì,",",ì,Office Green,ì,",",ì,#008000,ì,",",ì,2018-8-10 17:00:00,ì,",",ì,2018-8-10 17:00:00,ì
ì,ì,",",ì,Old Gold,ì,",",ì,#cfb53b,ì,",",ì,2018-8-10 17:00:00,ì,",",ì,2018-8-10 17:00:00,ì
ì,ì,",",ì,Old Lace,ì,",",ì,#fdf5e6,ì,",",ì,2018-8-10 17:00:00,ì,",",ì,2018-8-10 17:00:00,ì
ì,ì,",",ì,Old Lavender,ì,",",ì,#796878,ì,",",ì,2018-8-10 17:00:00,ì,",",ì,2018-8-10 17:00:00,ì
ì,ì,",",ì,Old Mauve,ì,",",ì,#673147,ì,",",ì,2018-8-10 17:00:00,ì,",",ì,2018-8-10 17:00:00,ì
ì,ì,",",ì,Old Rose,ì,",",ì,#c08081,ì,",",ì,2018-8-10 17:00:00,ì,",",ì,2018-8-10 17:00:00,ì
ì,ì,",",ì,Olive,ì,",",ì,#808000,ì,",",ì,2018-8-10 17:00:00,ì,",",ì,2018-8-10 17:00:00,ì
ì,ì,",",ì,Olive Drab #7,ì,",",ì,#3c341f,ì,",",ì,2018-8-10 17:00:00,ì,",",ì,2018-8-10 17:00:00,ì
ì,ì,",",ì,Olive Drab (Web) (Olive Drab #3),ì,",",ì,#6b8e23,ì,",",ì,2018-8-10 17:00:00,ì,",",ì,2018-8-10 17:00:00,ì
ì,ì,",",ì,Olivine,ì,",",ì,#9ab973,ì,",",ì,2018-8-10 17:00:00,ì,",",ì,2018-8-10 17:00:00,ì
ì,ì,",",ì,Onyx,ì,",",ì,#353839,ì,",",ì,2018-8-10 17:00:00,ì,",",ì,2018-8-10 17:00:00,ì
ì,ì,",",ì,Opera Mauve,ì,",",ì,#b784a7,ì,",",ì,2018-8-10 17:00:00,ì,",",ì,2018-8-10 17:00:00,ì
ì,ì,",",ì,Orange (Color Wheel),ì,",",ì,#ff7f00,ì,",",ì,2018-8-10 17:00:00,ì,",",ì,2018-8-10 17:00:00,ì
ì,ì,",",ì,Orange Peel,ì,",",ì,#ff9f00,ì,",",ì,2018-8-10 17:00:00,ì,",",ì,2018-8-10 17:00:00,ì
ì,ì,",",ì,Orange-Red,ì,",",ì,#ff4500,ì,",",ì,2018-8-10 17:00:00,ì,",",ì,2018-8-10 17:00:00,ì
ì,ì,",",ì,Orange (Ryb),ì,",",ì,#fb9902,ì,",",ì,2018-8-10 17:00:00,ì,",",ì,2018-8-10 17:00:00,ì
ì,ì,",",ì,Orange (Web Color),ì,",",ì,#ffa500,ì,",",ì,2018-8-10 17:00:00,ì,",",ì,2018-8-10 17:00:00,ì
ì,ì,",",ì,Orchid,ì,",",ì,#da70d6,ì,",",ì,2018-8-10 17:00:00,ì,",",ì,2018-8-10 17:00:00,ì
ì,ì,",",ì,Otter Brown,ì,",",ì,#654321,ì,",",ì,2018-8-10 17:00:00,ì,",",ì,2018-8-10 17:00:00,ì
ì,ì,",",ì,Ou Crimson Red,ì,",",ì,#900,ì,",",ì,2018-8-10 17:00:00,ì,",",ì,2018-8-10 17:00:00,ì
ì,ì,",",ì,Outer Space,ì,",",ì,#414a4c,ì,",",ì,2018-8-10 17:00:00,ì,",",ì,2018-8-10 17:00:00,ì
ì,ì,",",ì,Outrageous Orange,ì,",",ì,#ff6e4a,ì,",",ì,2018-8-10 17:00:00,ì,",",ì,2018-8-10 17:00:00,ì
ì,ì,",",ì,Oxford Blue,ì,",",ì,#002147,ì,",",ì,2018-8-10 17:00:00,ì,",",ì,2018-8-10 17:00:00,ì
ì,ì,",",ì,Pakistan Green,ì,",",ì,#060,ì,",",ì,2018-8-10 17:00:00,ì,",",ì,2018-8-10 17:00:00,ì
ì,ì,",",ì,Palatinate Blue,ì,",",ì,#273be2,ì,",",ì,2018-8-10 17:00:00,ì,",",ì,2018-8-10 17:00:00,ì
ì,ì,",",ì,Palatinate Purple,ì,",",ì,#682860,ì,",",ì,2018-8-10 17:00:00,ì,",",ì,2018-8-10 17:00:00,ì
ì,ì,",",ì,Pale Aqua,ì,",",ì,#bcd4e6,ì,",",ì,2018-8-10 17:00:00,ì,",",ì,2018-8-10 17:00:00,ì
ì,ì,",",ì,Pale Blue,ì,",",ì,#afeeee,ì,",",ì,2018-8-10 17:00:00,ì,",",ì,2018-8-10 17:00:00,ì
ì,ì,",",ì,Pale Brown,ì,",",ì,#987654,ì,",",ì,2018-8-10 17:00:00,ì,",",ì,2018-8-10 17:00:00,ì
ì,ì,",",ì,Pale Carmine,ì,",",ì,#af4035,ì,",",ì,2018-8-10 17:00:00,ì,",",ì,2018-8-10 17:00:00,ì
ì,ì,",",ì,Pale Cerulean,ì,",",ì,#9bc4e2,ì,",",ì,2018-8-10 17:00:00,ì,",",ì,2018-8-10 17:00:00,ì
ì,ì,",",ì,Pale Chestnut,ì,",",ì,#ddadaf,ì,",",ì,2018-8-10 17:00:00,ì,",",ì,2018-8-10 17:00:00,ì
ì,ì,",",ì,Pale Copper,ì,",",ì,#da8a67,ì,",",ì,2018-8-10 17:00:00,ì,",",ì,2018-8-10 17:00:00,ì
ì,ì,",",ì,Pale Cornflower Blue,ì,",",ì,#abcdef,ì,",",ì,2018-8-10 17:00:00,ì,",",ì,2018-8-10 17:00:00,ì
ì,ì,",",ì,Pale Gold,ì,",",ì,#e6be8a,ì,",",ì,2018-8-10 17:00:00,ì,",",ì,2018-8-10 17:00:00,ì
ì,ì,",",ì,Pale Goldenrod,ì,",",ì,#eee8aa,ì,",",ì,2018-8-10 17:00:00,ì,",",ì,2018-8-10 17:00:00,ì
ì,ì,",",ì,Pale Green,ì,",",ì,#98fb98,ì,",",ì,2018-8-10 17:00:00,ì,",",ì,2018-8-10 17:00:00,ì
ì,ì,",",ì,Pale Lavender,ì,",",ì,#dcd0ff,ì,",",ì,2018-8-10 17:00:00,ì,",",ì,2018-8-10 17:00:00,ì
ì,ì,",",ì,Pale Magenta,ì,",",ì,#f984e5,ì,",",ì,2018-8-10 17:00:00,ì,",",ì,2018-8-10 17:00:00,ì
ì,ì,",",ì,Pale Pink,ì,",",ì,#fadadd,ì,",",ì,2018-8-10 17:00:00,ì,",",ì,2018-8-10 17:00:00,ì
ì,ì,",",ì,Pale Plum,ì,",",ì,#dda0dd,ì,",",ì,2018-8-10 17:00:00,ì,",",ì,2018-8-10 17:00:00,ì
ì,ì,",",ì,Pale Red-Violet,ì,",",ì,#db7093,ì,",",ì,2018-8-10 17:00:00,ì,",",ì,2018-8-10 17:00:00,ì
ì,ì,",",ì,Pale Robin Egg Blue,ì,",",ì,#96ded1,ì,",",ì,2018-8-10 17:00:00,ì,",",ì,2018-8-10 17:00:00,ì
ì,ì,",",ì,Pale Silver,ì,",",ì,#c9c0bb,ì,",",ì,2018-8-10 17:00:00,ì,",",ì,2018-8-10 17:00:00,ì
ì,ì,",",ì,Pale Spring Bud,ì,",",ì,#ecebbd,ì,",",ì,2018-8-10 17:00:00,ì,",",ì,2018-8-10 17:00:00,ì
ì,ì,",",ì,Pale Taupe,ì,",",ì,#bc987e,ì,",",ì,2018-8-10 17:00:00,ì,",",ì,2018-8-10 17:00:00,ì
ì,ì,",",ì,Pale Violet-Red,ì,",",ì,#db7093,ì,",",ì,2018-8-10 17:00:00,ì,",",ì,2018-8-10 17:00:00,ì
ì,ì,",",ì,Pansy Purple,ì,",",ì,#78184a,ì,",",ì,2018-8-10 17:00:00,ì,",",ì,2018-8-10 17:00:00,ì
ì,ì,",",ì,Papaya Whip,ì,",",ì,#ffefd5,ì,",",ì,2018-8-10 17:00:00,ì,",",ì,2018-8-10 17:00:00,ì
ì,ì,",",ì,Paris Green,ì,",",ì,#50c878,ì,",",ì,2018-8-10 17:00:00,ì,",",ì,2018-8-10 17:00:00,ì
ì,ì,",",ì,Pastel Blue,ì,",",ì,#aec6cf,ì,",",ì,2018-8-10 17:00:00,ì,",",ì,2018-8-10 17:00:00,ì
ì,ì,",",ì,Pastel Brown,ì,",",ì,#836953,ì,",",ì,2018-8-10 17:00:00,ì,",",ì,2018-8-10 17:00:00,ì
ì,ì,",",ì,Pastel Gray,ì,",",ì,#cfcfc4,ì,",",ì,2018-8-10 17:00:00,ì,",",ì,2018-8-10 17:00:00,ì
ì,ì,",",ì,Pastel Green,ì,",",ì,#7d7,ì,",",ì,2018-8-10 17:00:00,ì,",",ì,2018-8-10 17:00:00,ì
ì,ì,",",ì,Pastel Magenta,ì,",",ì,#f49ac2,ì,",",ì,2018-8-10 17:00:00,ì,",",ì,2018-8-10 17:00:00,ì
ì,ì,",",ì,Pastel Orange,ì,",",ì,#ffb347,ì,",",ì,2018-8-10 17:00:00,ì,",",ì,2018-8-10 17:00:00,ì
ì,ì,",",ì,Pastel Pink,ì,",",ì,#dea5a4,ì,",",ì,2018-8-10 17:00:00,ì,",",ì,2018-8-10 17:00:00,ì
ì,ì,",",ì,Pastel Purple,ì,",",ì,#b39eb5,ì,",",ì,2018-8-10 17:00:00,ì,",",ì,2018-8-10 17:00:00,ì
ì,ì,",",ì,Pastel Red,ì,",",ì,#ff6961,ì,",",ì,2018-8-10 17:00:00,ì,",",ì,2018-8-10 17:00:00,ì
ì,ì,",",ì,Pastel Violet,ì,",",ì,#cb99c9,ì,",",ì,2018-8-10 17:00:00,ì,",",ì,2018-8-10 17:00:00,ì
ì,ì,",",ì,Pastel Yellow,ì,",",ì,#fdfd96,ì,",",ì,2018-8-10 17:00:00,ì,",",ì,2018-8-10 17:00:00,ì
ì,ì,",",ì,Patriarch,ì,",",ì,#800080,ì,",",ì,2018-8-10 17:00:00,ì,",",ì,2018-8-10 17:00:00,ì
ì,ì,",",ì,Payne'S Grey,ì,",",ì,#536878,ì,",",ì,2018-8-10 17:00:00,ì,",",ì,2018-8-10 17:00:00,ì
ì,ì,",",ì,Peach,ì,",",ì,#ffe5b4,ì,",",ì,2018-8-10 17:00:00,ì,",",ì,2018-8-10 17:00:00,ì
ì,ì,",",ì,Peach (Crayola),ì,",",ì,#ffcba4,ì,",",ì,2018-8-10 17:00:00,ì,",",ì,2018-8-10 17:00:00,ì
ì,ì,",",ì,Peach-Orange,ì,",",ì,#fc9,ì,",",ì,2018-8-10 17:00:00,ì,",",ì,2018-8-10 17:00:00,ì
ì,ì,",",ì,Peach Puff,ì,",",ì,#ffdab9,ì,",",ì,2018-8-10 17:00:00,ì,",",ì,2018-8-10 17:00:00,ì
ì,ì,",",ì,Peach-Yellow,ì,",",ì,#fadfad,ì,",",ì,2018-8-10 17:00:00,ì,",",ì,2018-8-10 17:00:00,ì
ì,ì,",",ì,Pear,ì,",",ì,#d1e231,ì,",",ì,2018-8-10 17:00:00,ì,",",ì,2018-8-10 17:00:00,ì
ì,ì,",",ì,Pearl,ì,",",ì,#eae0c8,ì,",",ì,2018-8-10 17:00:00,ì,",",ì,2018-8-10 17:00:00,ì
ì,ì,",",ì,Pearl Aqua,ì,",",ì,#88d8c0,ì,",",ì,2018-8-10 17:00:00,ì,",",ì,2018-8-10 17:00:00,ì
ì,ì,",",ì,Pearly Purple,ì,",",ì,#b768a2,ì,",",ì,2018-8-10 17:00:00,ì,",",ì,2018-8-10 17:00:00,ì
ì,ì,",",ì,Peridot,ì,",",ì,#e6e200,ì,",",ì,2018-8-10 17:00:00,ì,",",ì,2018-8-10 17:00:00,ì
ì,ì,",",ì,Periwinkle,ì,",",ì,#ccf,ì,",",ì,2018-8-10 17:00:00,ì,",",ì,2018-8-10 17:00:00,ì
ì,ì,",",ì,Persian Blue,ì,",",ì,#1c39bb,ì,",",ì,2018-8-10 17:00:00,ì,",",ì,2018-8-10 17:00:00,ì
ì,ì,",",ì,Persian Green,ì,",",ì,#00a693,ì,",",ì,2018-8-10 17:00:00,ì,",",ì,2018-8-10 17:00:00,ì
ì,ì,",",ì,Persian Indigo,ì,",",ì,#32127a,ì,",",ì,2018-8-10 17:00:00,ì,",",ì,2018-8-10 17:00:00,ì
ì,ì,",",ì,Persian Orange,ì,",",ì,#d99058,ì,",",ì,2018-8-10 17:00:00,ì,",",ì,2018-8-10 17:00:00,ì
ì,ì,",",ì,Persian Pink,ì,",",ì,#f77fbe,ì,",",ì,2018-8-10 17:00:00,ì,",",ì,2018-8-10 17:00:00,ì
ì,ì,",",ì,Persian Plum,ì,",",ì,#701c1c,ì,",",ì,2018-8-10 17:00:00,ì,",",ì,2018-8-10 17:00:00,ì
ì,ì,",",ì,Persian Red,ì,",",ì,#c33,ì,",",ì,2018-8-10 17:00:00,ì,",",ì,2018-8-10 17:00:00,ì
ì,ì,",",ì,Persian Rose,ì,",",ì,#fe28a2,ì,",",ì,2018-8-10 17:00:00,ì,",",ì,2018-8-10 17:00:00,ì
ì,ì,",",ì,Persimmon,ì,",",ì,#ec5800,ì,",",ì,2018-8-10 17:00:00,ì,",",ì,2018-8-10 17:00:00,ì
ì,ì,",",ì,Peru,ì,",",ì,#cd853f,ì,",",ì,2018-8-10 17:00:00,ì,",",ì,2018-8-10 17:00:00,ì
ì,ì,",",ì,Phlox,ì,",",ì,#df00ff,ì,",",ì,2018-8-10 17:00:00,ì,",",ì,2018-8-10 17:00:00,ì
ì,ì,",",ì,Phthalo Blue,ì,",",ì,#000f89,ì,",",ì,2018-8-10 17:00:00,ì,",",ì,2018-8-10 17:00:00,ì
ì,ì,",",ì,Phthalo Green,ì,",",ì,#123524,ì,",",ì,2018-8-10 17:00:00,ì,",",ì,2018-8-10 17:00:00,ì
ì,ì,",",ì,Piggy Pink,ì,",",ì,#fddde6,ì,",",ì,2018-8-10 17:00:00,ì,",",ì,2018-8-10 17:00:00,ì
ì,ì,",",ì,Pine Green,ì,",",ì,#01796f,ì,",",ì,2018-8-10 17:00:00,ì,",",ì,2018-8-10 17:00:00,ì
ì,ì,",",ì,Pink,ì,",",ì,#ffc0cb,ì,",",ì,2018-8-10 17:00:00,ì,",",ì,2018-8-10 17:00:00,ì
ì,ì,",",ì,Pink Lace,ì,",",ì,#ffddf4,ì,",",ì,2018-8-10 17:00:00,ì,",",ì,2018-8-10 17:00:00,ì
ì,ì,",",ì,Pink-Orange,ì,",",ì,#f96,ì,",",ì,2018-8-10 17:00:00,ì,",",ì,2018-8-10 17:00:00,ì
ì,ì,",",ì,Pink Pearl,ì,",",ì,#e7accf,ì,",",ì,2018-8-10 17:00:00,ì,",",ì,2018-8-10 17:00:00,ì
ì,ì,",",ì,Pink Sherbet,ì,",",ì,#f78fa7,ì,",",ì,2018-8-10 17:00:00,ì,",",ì,2018-8-10 17:00:00,ì
ì,ì,",",ì,Pistachio,ì,",",ì,#93c572,ì,",",ì,2018-8-10 17:00:00,ì,",",ì,2018-8-10 17:00:00,ì
ì,ì,",",ì,Platinum,ì,",",ì,#e5e4e2,ì,",",ì,2018-8-10 17:00:00,ì,",",ì,2018-8-10 17:00:00,ì
ì,ì,",",ì,Plum (Traditional),ì,",",ì,#8e4585,ì,",",ì,2018-8-10 17:00:00,ì,",",ì,2018-8-10 17:00:00,ì
ì,ì,",",ì,Plum (Web),ì,",",ì,#dda0dd,ì,",",ì,2018-8-10 17:00:00,ì,",",ì,2018-8-10 17:00:00,ì
ì,ì,",",ì,Portland Orange,ì,",",ì,#ff5a36,ì,",",ì,2018-8-10 17:00:00,ì,",",ì,2018-8-10 17:00:00,ì
ì,ì,",",ì,Powder Blue (Web),ì,",",ì,#b0e0e6,ì,",",ì,2018-8-10 17:00:00,ì,",",ì,2018-8-10 17:00:00,ì
ì,ì,",",ì,Princeton Orange,ì,",",ì,#ff8f00,ì,",",ì,2018-8-10 17:00:00,ì,",",ì,2018-8-10 17:00:00,ì
ì,ì,",",ì,Prune,ì,",",ì,#701c1c,ì,",",ì,2018-8-10 17:00:00,ì,",",ì,2018-8-10 17:00:00,ì
ì,ì,",",ì,Prussian Blue,ì,",",ì,#003153,ì,",",ì,2018-8-10 17:00:00,ì,",",ì,2018-8-10 17:00:00,ì
ì,ì,",",ì,Psychedelic Purple,ì,",",ì,#df00ff,ì,",",ì,2018-8-10 17:00:00,ì,",",ì,2018-8-10 17:00:00,ì
ì,ì,",",ì,Puce,ì,",",ì,#c89,ì,",",ì,2018-8-10 17:00:00,ì,",",ì,2018-8-10 17:00:00,ì
ì,ì,",",ì,Pumpkin,ì,",",ì,#ff7518,ì,",",ì,2018-8-10 17:00:00,ì,",",ì,2018-8-10 17:00:00,ì
ì,ì,",",ì,Purple Heart,ì,",",ì,#69359c,ì,",",ì,2018-8-10 17:00:00,ì,",",ì,2018-8-10 17:00:00,ì
ì,ì,",",ì,Purple (Html/Css),ì,",",ì,#800080,ì,",",ì,2018-8-10 17:00:00,ì,",",ì,2018-8-10 17:00:00,ì
ì,ì,",",ì,Purple Mountain Majesty,ì,",",ì,#9678b6,ì,",",ì,2018-8-10 17:00:00,ì,",",ì,2018-8-10 17:00:00,ì
ì,ì,",",ì,Purple (Munsell),ì,",",ì,#9f00c5,ì,",",ì,2018-8-10 17:00:00,ì,",",ì,2018-8-10 17:00:00,ì
ì,ì,",",ì,Purple Pizzazz,ì,",",ì,#fe4eda,ì,",",ì,2018-8-10 17:00:00,ì,",",ì,2018-8-10 17:00:00,ì
ì,ì,",",ì,Purple Taupe,ì,",",ì,#50404d,ì,",",ì,2018-8-10 17:00:00,ì,",",ì,2018-8-10 17:00:00,ì
ì,ì,",",ì,Purple (X11),ì,",",ì,#a020f0,ì,",",ì,2018-8-10 17:00:00,ì,",",ì,2018-8-10 17:00:00,ì
ì,ì,",",ì,Quartz,ì,",",ì,#51484f,ì,",",ì,2018-8-10 17:00:00,ì,",",ì,2018-8-10 17:00:00,ì
ì,ì,",",ì,Rackley,ì,",",ì,#5d8aa8,ì,",",ì,2018-8-10 17:00:00,ì,",",ì,2018-8-10 17:00:00,ì
ì,ì,",",ì,Radical Red,ì,",",ì,#ff355e,ì,",",ì,2018-8-10 17:00:00,ì,",",ì,2018-8-10 17:00:00,ì
ì,ì,",",ì,Rajah,ì,",",ì,#fbab60,ì,",",ì,2018-8-10 17:00:00,ì,",",ì,2018-8-10 17:00:00,ì
ì,ì,",",ì,Raspberry,ì,",",ì,#e30b5d,ì,",",ì,2018-8-10 17:00:00,ì,",",ì,2018-8-10 17:00:00,ì
ì,ì,",",ì,Raspberry Glace,ì,",",ì,#915f6d,ì,",",ì,2018-8-10 17:00:00,ì,",",ì,2018-8-10 17:00:00,ì
ì,ì,",",ì,Raspberry Pink,ì,",",ì,#e25098,ì,",",ì,2018-8-10 17:00:00,ì,",",ì,2018-8-10 17:00:00,ì
ì,ì,",",ì,Raspberry Rose,ì,",",ì,#b3446c,ì,",",ì,2018-8-10 17:00:00,ì,",",ì,2018-8-10 17:00:00,ì
ì,ì,",",ì,Raw Umber,ì,",",ì,#826644,ì,",",ì,2018-8-10 17:00:00,ì,",",ì,2018-8-10 17:00:00,ì
ì,ì,",",ì,Razzle Dazzle Rose,ì,",",ì,#f3c,ì,",",ì,2018-8-10 17:00:00,ì,",",ì,2018-8-10 17:00:00,ì
ì,ì,",",ì,Razzmatazz,ì,",",ì,#e3256b,ì,",",ì,2018-8-10 17:00:00,ì,",",ì,2018-8-10 17:00:00,ì
ì,ì,",",ì,Red,ì,",",ì,#f00,ì,",",ì,2018-8-10 17:00:00,ì,",",ì,2018-8-10 17:00:00,ì
ì,ì,",",ì,Red-Brown,ì,",",ì,#a52a2a,ì,",",ì,2018-8-10 17:00:00,ì,",",ì,2018-8-10 17:00:00,ì
ì,ì,",",ì,Red Devil,ì,",",ì,#860111,ì,",",ì,2018-8-10 17:00:00,ì,",",ì,2018-8-10 17:00:00,ì
ì,ì,",",ì,Red (Munsell),ì,",",ì,#f2003c,ì,",",ì,2018-8-10 17:00:00,ì,",",ì,2018-8-10 17:00:00,ì
ì,ì,",",ì,Red (Ncs),ì,",",ì,#c40233,ì,",",ì,2018-8-10 17:00:00,ì,",",ì,2018-8-10 17:00:00,ì
ì,ì,",",ì,Red-Orange,ì,",",ì,#ff5349,ì,",",ì,2018-8-10 17:00:00,ì,",",ì,2018-8-10 17:00:00,ì
ì,ì,",",ì,Red (Pigment),ì,",",ì,#ed1c24,ì,",",ì,2018-8-10 17:00:00,ì,",",ì,2018-8-10 17:00:00,ì
ì,ì,",",ì,Red (Ryb),ì,",",ì,#fe2712,ì,",",ì,2018-8-10 17:00:00,ì,",",ì,2018-8-10 17:00:00,ì
ì,ì,",",ì,Red-Violet,ì,",",ì,#c71585,ì,",",ì,2018-8-10 17:00:00,ì,",",ì,2018-8-10 17:00:00,ì
ì,ì,",",ì,Redwood,ì,",",ì,#ab4e52,ì,",",ì,2018-8-10 17:00:00,ì,",",ì,2018-8-10 17:00:00,ì
ì,ì,",",ì,Regalia,ì,",",ì,#522d80,ì,",",ì,2018-8-10 17:00:00,ì,",",ì,2018-8-10 17:00:00,ì
ì,ì,",",ì,Resolution Blue,ì,",",ì,#002387,ì,",",ì,2018-8-10 17:00:00,ì,",",ì,2018-8-10 17:00:00,ì
ì,ì,",",ì,Rich Black,ì,",",ì,#004040,ì,",",ì,2018-8-10 17:00:00,ì,",",ì,2018-8-10 17:00:00,ì
ì,ì,",",ì,Rich Brilliant Lavender,ì,",",ì,#f1a7fe,ì,",",ì,2018-8-10 17:00:00,ì,",",ì,2018-8-10 17:00:00,ì
ì,ì,",",ì,Rich Carmine,ì,",",ì,#d70040,ì,",",ì,2018-8-10 17:00:00,ì,",",ì,2018-8-10 17:00:00,ì
ì,ì,",",ì,Rich Electric Blue,ì,",",ì,#0892d0,ì,",",ì,2018-8-10 17:00:00,ì,",",ì,2018-8-10 17:00:00,ì
ì,ì,",",ì,Rich Lavender,ì,",",ì,#a76bcf,ì,",",ì,2018-8-10 17:00:00,ì,",",ì,2018-8-10 17:00:00,ì
ì,ì,",",ì,Rich Lilac,ì,",",ì,#b666d2,ì,",",ì,2018-8-10 17:00:00,ì,",",ì,2018-8-10 17:00:00,ì
ì,ì,",",ì,Rich Maroon,ì,",",ì,#b03060,ì,",",ì,2018-8-10 17:00:00,ì,",",ì,2018-8-10 17:00:00,ì
ì,ì,",",ì,Rifle Green,ì,",",ì,#414833,ì,",",ì,2018-8-10 17:00:00,ì,",",ì,2018-8-10 17:00:00,ì
ì,ì,",",ì,Robin Egg Blue,ì,",",ì,#0cc,ì,",",ì,2018-8-10 17:00:00,ì,",",ì,2018-8-10 17:00:00,ì
ì,ì,",",ì,Rose,ì,",",ì,#ff007f,ì,",",ì,2018-8-10 17:00:00,ì,",",ì,2018-8-10 17:00:00,ì
ì,ì,",",ì,Rose Bonbon,ì,",",ì,#f9429e,ì,",",ì,2018-8-10 17:00:00,ì,",",ì,2018-8-10 17:00:00,ì
ì,ì,",",ì,Rose Ebony,ì,",",ì,#674846,ì,",",ì,2018-8-10 17:00:00,ì,",",ì,2018-8-10 17:00:00,ì
ì,ì,",",ì,Rose Gold,ì,",",ì,#b76e79,ì,",",ì,2018-8-10 17:00:00,ì,",",ì,2018-8-10 17:00:00,ì
ì,ì,",",ì,Rose Madder,ì,",",ì,#e32636,ì,",",ì,2018-8-10 17:00:00,ì,",",ì,2018-8-10 17:00:00,ì
ì,ì,",",ì,Rose Pink,ì,",",ì,#f6c,ì,",",ì,2018-8-10 17:00:00,ì,",",ì,2018-8-10 17:00:00,ì
ì,ì,",",ì,Rose Quartz,ì,",",ì,#aa98a9,ì,",",ì,2018-8-10 17:00:00,ì,",",ì,2018-8-10 17:00:00,ì
ì,ì,",",ì,Rose Taupe,ì,",",ì,#905d5d,ì,",",ì,2018-8-10 17:00:00,ì,",",ì,2018-8-10 17:00:00,ì
ì,ì,",",ì,Rose Vale,ì,",",ì,#ab4e52,ì,",",ì,2018-8-10 17:00:00,ì,",",ì,2018-8-10 17:00:00,ì
ì,ì,",",ì,Rosewood,ì,",",ì,#65000b,ì,",",ì,2018-8-10 17:00:00,ì,",",ì,2018-8-10 17:00:00,ì
ì,ì,",",ì,Rosso Corsa,ì,",",ì,#d40000,ì,",",ì,2018-8-10 17:00:00,ì,",",ì,2018-8-10 17:00:00,ì
ì,ì,",",ì,Rosy Brown,ì,",",ì,#bc8f8f,ì,",",ì,2018-8-10 17:00:00,ì,",",ì,2018-8-10 17:00:00,ì
ì,ì,",",ì,Royal Azure,ì,",",ì,#0038a8,ì,",",ì,2018-8-10 17:00:00,ì,",",ì,2018-8-10 17:00:00,ì
ì,ì,",",ì,Royal Blue (Traditional),ì,",",ì,#002366,ì,",",ì,2018-8-10 17:00:00,ì,",",ì,2018-8-10 17:00:00,ì
ì,ì,",",ì,Royal Blue (Web),ì,",",ì,#4169e1,ì,",",ì,2018-8-10 17:00:00,ì,",",ì,2018-8-10 17:00:00,ì
ì,ì,",",ì,Royal Fuchsia,ì,",",ì,#ca2c92,ì,",",ì,2018-8-10 17:00:00,ì,",",ì,2018-8-10 17:00:00,ì
ì,ì,",",ì,Royal Purple,ì,",",ì,#7851a9,ì,",",ì,2018-8-10 17:00:00,ì,",",ì,2018-8-10 17:00:00,ì
ì,ì,",",ì,Royal Yellow,ì,",",ì,#fada5e,ì,",",ì,2018-8-10 17:00:00,ì,",",ì,2018-8-10 17:00:00,ì
ì,ì,",",ì,Rubine Red,ì,",",ì,#d10056,ì,",",ì,2018-8-10 17:00:00,ì,",",ì,2018-8-10 17:00:00,ì
ì,ì,",",ì,Ruby,ì,",",ì,#e0115f,ì,",",ì,2018-8-10 17:00:00,ì,",",ì,2018-8-10 17:00:00,ì
ì,ì,",",ì,Ruby Red,ì,",",ì,#9b111e,ì,",",ì,2018-8-10 17:00:00,ì,",",ì,2018-8-10 17:00:00,ì
ì,ì,",",ì,Ruddy,ì,",",ì,#ff0028,ì,",",ì,2018-8-10 17:00:00,ì,",",ì,2018-8-10 17:00:00,ì
ì,ì,",",ì,Ruddy Brown,ì,",",ì,#bb6528,ì,",",ì,2018-8-10 17:00:00,ì,",",ì,2018-8-10 17:00:00,ì
ì,ì,",",ì,Ruddy Pink,ì,",",ì,#e18e96,ì,",",ì,2018-8-10 17:00:00,ì,",",ì,2018-8-10 17:00:00,ì
ì,ì,",",ì,Rufous,ì,",",ì,#a81c07,ì,",",ì,2018-8-10 17:00:00,ì,",",ì,2018-8-10 17:00:00,ì
ì,ì,",",ì,Russet,ì,",",ì,#80461b,ì,",",ì,2018-8-10 17:00:00,ì,",",ì,2018-8-10 17:00:00,ì
ì,ì,",",ì,Rust,ì,",",ì,#b7410e,ì,",",ì,2018-8-10 17:00:00,ì,",",ì,2018-8-10 17:00:00,ì
ì,ì,",",ì,Rusty Red,ì,",",ì,#da2c43,ì,",",ì,2018-8-10 17:00:00,ì,",",ì,2018-8-10 17:00:00,ì
ì,ì,",",ì,Sacramento State Green,ì,",",ì,#00563f,ì,",",ì,2018-8-10 17:00:00,ì,",",ì,2018-8-10 17:00:00,ì
ì,ì,",",ì,Saddle Brown,ì,",",ì,#8b4513,ì,",",ì,2018-8-10 17:00:00,ì,",",ì,2018-8-10 17:00:00,ì
ì,ì,",",ì,Safety Orange (Blaze Orange),ì,",",ì,#ff6700,ì,",",ì,2018-8-10 17:00:00,ì,",",ì,2018-8-10 17:00:00,ì
ì,ì,",",ì,Saffron,ì,",",ì,#f4c430,ì,",",ì,2018-8-10 17:00:00,ì,",",ì,2018-8-10 17:00:00,ì
ì,ì,",",ì,Salmon,ì,",",ì,#ff8c69,ì,",",ì,2018-8-10 17:00:00,ì,",",ì,2018-8-10 17:00:00,ì
ì,ì,",",ì,Salmon Pink,ì,",",ì,#ff91a4,ì,",",ì,2018-8-10 17:00:00,ì,",",ì,2018-8-10 17:00:00,ì
ì,ì,",",ì,Sand,ì,",",ì,#c2b280,ì,",",ì,2018-8-10 17:00:00,ì,",",ì,2018-8-10 17:00:00,ì
ì,ì,",",ì,Sand Dune,ì,",",ì,#967117,ì,",",ì,2018-8-10 17:00:00,ì,",",ì,2018-8-10 17:00:00,ì
ì,ì,",",ì,Sandstorm,ì,",",ì,#ecd540,ì,",",ì,2018-8-10 17:00:00,ì,",",ì,2018-8-10 17:00:00,ì
ì,ì,",",ì,Sandy Brown,ì,",",ì,#f4a460,ì,",",ì,2018-8-10 17:00:00,ì,",",ì,2018-8-10 17:00:00,ì
ì,ì,",",ì,Sandy Taupe,ì,",",ì,#967117,ì,",",ì,2018-8-10 17:00:00,ì,",",ì,2018-8-10 17:00:00,ì
ì,ì,",",ì,Sangria,ì,",",ì,#92000a,ì,",",ì,2018-8-10 17:00:00,ì,",",ì,2018-8-10 17:00:00,ì
ì,ì,",",ì,Sap Green,ì,",",ì,#507d2a,ì,",",ì,2018-8-10 17:00:00,ì,",",ì,2018-8-10 17:00:00,ì
ì,ì,",",ì,Sapphire,ì,",",ì,#0f52ba,ì,",",ì,2018-8-10 17:00:00,ì,",",ì,2018-8-10 17:00:00,ì
ì,ì,",",ì,Sapphire Blue,ì,",",ì,#0067a5,ì,",",ì,2018-8-10 17:00:00,ì,",",ì,2018-8-10 17:00:00,ì
ì,ì,",",ì,Satin Sheen Gold,ì,",",ì,#cba135,ì,",",ì,2018-8-10 17:00:00,ì,",",ì,2018-8-10 17:00:00,ì
ì,ì,",",ì,Scarlet,ì,",",ì,#ff2400,ì,",",ì,2018-8-10 17:00:00,ì,",",ì,2018-8-10 17:00:00,ì
ì,ì,",",ì,Scarlet (Crayola),ì,",",ì,#fd0e35,ì,",",ì,2018-8-10 17:00:00,ì,",",ì,2018-8-10 17:00:00,ì
ì,ì,",",ì,School Bus Yellow,ì,",",ì,#ffd800,ì,",",ì,2018-8-10 17:00:00,ì,",",ì,2018-8-10 17:00:00,ì
ì,ì,",",ì,Screamin' Green,ì,",",ì,#76ff7a,ì,",",ì,2018-8-10 17:00:00,ì,",",ì,2018-8-10 17:00:00,ì
ì,ì,",",ì,Sea Blue,ì,",",ì,#006994,ì,",",ì,2018-8-10 17:00:00,ì,",",ì,2018-8-10 17:00:00,ì
ì,ì,",",ì,Sea Green,ì,",",ì,#2e8b57,ì,",",ì,2018-8-10 17:00:00,ì,",",ì,2018-8-10 17:00:00,ì
ì,ì,",",ì,Seal Brown,ì,",",ì,#321414,ì,",",ì,2018-8-10 17:00:00,ì,",",ì,2018-8-10 17:00:00,ì
ì,ì,",",ì,Seashell,ì,",",ì,#fff5ee,ì,",",ì,2018-8-10 17:00:00,ì,",",ì,2018-8-10 17:00:00,ì
ì,ì,",",ì,Selective Yellow,ì,",",ì,#ffba00,ì,",",ì,2018-8-10 17:00:00,ì,",",ì,2018-8-10 17:00:00,ì
ì,ì,",",ì,Sepia,ì,",",ì,#704214,ì,",",ì,2018-8-10 17:00:00,ì,",",ì,2018-8-10 17:00:00,ì
ì,ì,",",ì,Shadow,ì,",",ì,#8a795d,ì,",",ì,2018-8-10 17:00:00,ì,",",ì,2018-8-10 17:00:00,ì
ì,ì,",",ì,Shamrock Green,ì,",",ì,#009e60,ì,",",ì,2018-8-10 17:00:00,ì,",",ì,2018-8-10 17:00:00,ì
ì,ì,",",ì,Shocking Pink,ì,",",ì,#fc0fc0,ì,",",ì,2018-8-10 17:00:00,ì,",",ì,2018-8-10 17:00:00,ì
ì,ì,",",ì,Shocking Pink (Crayola),ì,",",ì,#ff6fff,ì,",",ì,2018-8-10 17:00:00,ì,",",ì,2018-8-10 17:00:00,ì
ì,ì,",",ì,Sienna,ì,",",ì,#882d17,ì,",",ì,2018-8-10 17:00:00,ì,",",ì,2018-8-10 17:00:00,ì
ì,ì,",",ì,Silver,ì,",",ì,#c0c0c0,ì,",",ì,2018-8-10 17:00:00,ì,",",ì,2018-8-10 17:00:00,ì
ì,ì,",",ì,Sinopia,ì,",",ì,#cb410b,ì,",",ì,2018-8-10 17:00:00,ì,",",ì,2018-8-10 17:00:00,ì
ì,ì,",",ì,Skobeloff,ì,",",ì,#007474,ì,",",ì,2018-8-10 17:00:00,ì,",",ì,2018-8-10 17:00:00,ì
ì,ì,",",ì,Sky Blue,ì,",",ì,#87ceeb,ì,",",ì,2018-8-10 17:00:00,ì,",",ì,2018-8-10 17:00:00,ì
ì,ì,",",ì,Sky Magenta,ì,",",ì,#cf71af,ì,",",ì,2018-8-10 17:00:00,ì,",",ì,2018-8-10 17:00:00,ì
ì,ì,",",ì,Slate Blue,ì,",",ì,#6a5acd,ì,",",ì,2018-8-10 17:00:00,ì,",",ì,2018-8-10 17:00:00,ì
ì,ì,",",ì,Slate Gray,ì,",",ì,#708090,ì,",",ì,2018-8-10 17:00:00,ì,",",ì,2018-8-10 17:00:00,ì
ì,ì,",",ì,Smalt (Dark Powder Blue),ì,",",ì,#039,ì,",",ì,2018-8-10 17:00:00,ì,",",ì,2018-8-10 17:00:00,ì
ì,ì,",",ì,Smokey Topaz,ì,",",ì,#933d41,ì,",",ì,2018-8-10 17:00:00,ì,",",ì,2018-8-10 17:00:00,ì
ì,ì,",",ì,Smoky Black,ì,",",ì,#100c08,ì,",",ì,2018-8-10 17:00:00,ì,",",ì,2018-8-10 17:00:00,ì
ì,ì,",",ì,Snow,ì,",",ì,#fffafa,ì,",",ì,2018-8-10 17:00:00,ì,",",ì,2018-8-10 17:00:00,ì
ì,ì,",",ì,Spiro Disco Ball,ì,",",ì,#0fc0fc,ì,",",ì,2018-8-10 17:00:00,ì,",",ì,2018-8-10 17:00:00,ì
ì,ì,",",ì,Spring Bud,ì,",",ì,#a7fc00,ì,",",ì,2018-8-10 17:00:00,ì,",",ì,2018-8-10 17:00:00,ì
ì,ì,",",ì,Spring Green,ì,",",ì,#00ff7f,ì,",",ì,2018-8-10 17:00:00,ì,",",ì,2018-8-10 17:00:00,ì
ì,ì,",",ì,St. Patrick'S Blue,ì,",",ì,#23297a,ì,",",ì,2018-8-10 17:00:00,ì,",",ì,2018-8-10 17:00:00,ì
ì,ì,",",ì,Steel Blue,ì,",",ì,#4682b4,ì,",",ì,2018-8-10 17:00:00,ì,",",ì,2018-8-10 17:00:00,ì
ì,ì,",",ì,Stil De Grain Yellow,ì,",",ì,#fada5e,ì,",",ì,2018-8-10 17:00:00,ì,",",ì,2018-8-10 17:00:00,ì
ì,ì,",",ì,Stizza,ì,",",ì,#900,ì,",",ì,2018-8-10 17:00:00,ì,",",ì,2018-8-10 17:00:00,ì
ì,ì,",",ì,Stormcloud,ì,",",ì,#4f666a,ì,",",ì,2018-8-10 17:00:00,ì,",",ì,2018-8-10 17:00:00,ì
ì,ì,",",ì,Straw,ì,",",ì,#e4d96f,ì,",",ì,2018-8-10 17:00:00,ì,",",ì,2018-8-10 17:00:00,ì
ì,ì,",",ì,Sunglow,ì,",",ì,#fc3,ì,",",ì,2018-8-10 17:00:00,ì,",",ì,2018-8-10 17:00:00,ì
ì,ì,",",ì,Sunset,ì,",",ì,#fad6a5,ì,",",ì,2018-8-10 17:00:00,ì,",",ì,2018-8-10 17:00:00,ì
ì,ì,",",ì,Tan,ì,",",ì,#d2b48c,ì,",",ì,2018-8-10 17:00:00,ì,",",ì,2018-8-10 17:00:00,ì
ì,ì,",",ì,Tangelo,ì,",",ì,#f94d00,ì,",",ì,2018-8-10 17:00:00,ì,",",ì,2018-8-10 17:00:00,ì
ì,ì,",",ì,Tangerine,ì,",",ì,#f28500,ì,",",ì,2018-8-10 17:00:00,ì,",",ì,2018-8-10 17:00:00,ì
ì,ì,",",ì,Tangerine Yellow,ì,",",ì,#fc0,ì,",",ì,2018-8-10 17:00:00,ì,",",ì,2018-8-10 17:00:00,ì
ì,ì,",",ì,Tango Pink,ì,",",ì,#e4717a,ì,",",ì,2018-8-10 17:00:00,ì,",",ì,2018-8-10 17:00:00,ì
ì,ì,",",ì,Taupe,ì,",",ì,#483c32,ì,",",ì,2018-8-10 17:00:00,ì,",",ì,2018-8-10 17:00:00,ì
ì,ì,",",ì,Taupe Gray,ì,",",ì,#8b8589,ì,",",ì,2018-8-10 17:00:00,ì,",",ì,2018-8-10 17:00:00,ì
ì,ì,",",ì,Tea Green,ì,",",ì,#d0f0c0,ì,",",ì,2018-8-10 17:00:00,ì,",",ì,2018-8-10 17:00:00,ì
ì,ì,",",ì,Tea Rose (Orange),ì,",",ì,#f88379,ì,",",ì,2018-8-10 17:00:00,ì,",",ì,2018-8-10 17:00:00,ì
ì,ì,",",ì,Tea Rose (Rose),ì,",",ì,#f4c2c2,ì,",",ì,2018-8-10 17:00:00,ì,",",ì,2018-8-10 17:00:00,ì
ì,ì,",",ì,Teal,ì,",",ì,#008080,ì,",",ì,2018-8-10 17:00:00,ì,",",ì,2018-8-10 17:00:00,ì
ì,ì,",",ì,Teal Blue,ì,",",ì,#367588,ì,",",ì,2018-8-10 17:00:00,ì,",",ì,2018-8-10 17:00:00,ì
ì,ì,",",ì,Teal Green,ì,",",ì,#00827f,ì,",",ì,2018-8-10 17:00:00,ì,",",ì,2018-8-10 17:00:00,ì
ì,ì,",",ì,Telemagenta,ì,",",ì,#cf3476,ì,",",ì,2018-8-10 17:00:00,ì,",",ì,2018-8-10 17:00:00,ì
ì,ì,",",ì,Tenn√© (Tawny),ì,",",ì,#cd5700,ì,",",ì,2018-8-10 17:00:00,ì,",",ì,2018-8-10 17:00:00,ì
ì,ì,",",ì,Terra Cotta,ì,",",ì,#e2725b,ì,",",ì,2018-8-10 17:00:00,ì,",",ì,2018-8-10 17:00:00,ì
ì,ì,",",ì,Thistle,ì,",",ì,#d8bfd8,ì,",",ì,2018-8-10 17:00:00,ì,",",ì,2018-8-10 17:00:00,ì
ì,ì,",",ì,Thulian Pink,ì,",",ì,#de6fa1,ì,",",ì,2018-8-10 17:00:00,ì,",",ì,2018-8-10 17:00:00,ì
ì,ì,",",ì,Tickle Me Pink,ì,",",ì,#fc89ac,ì,",",ì,2018-8-10 17:00:00,ì,",",ì,2018-8-10 17:00:00,ì
ì,ì,",",ì,Tiffany Blue,ì,",",ì,#0abab5,ì,",",ì,2018-8-10 17:00:00,ì,",",ì,2018-8-10 17:00:00,ì
ì,ì,",",ì,Tiger'S Eye,ì,",",ì,#e08d3c,ì,",",ì,2018-8-10 17:00:00,ì,",",ì,2018-8-10 17:00:00,ì
ì,ì,",",ì,Timberwolf,ì,",",ì,#dbd7d2,ì,",",ì,2018-8-10 17:00:00,ì,",",ì,2018-8-10 17:00:00,ì
ì,ì,",",ì,Titanium Yellow,ì,",",ì,#eee600,ì,",",ì,2018-8-10 17:00:00,ì,",",ì,2018-8-10 17:00:00,ì
ì,ì,",",ì,Tomato,ì,",",ì,#ff6347,ì,",",ì,2018-8-10 17:00:00,ì,",",ì,2018-8-10 17:00:00,ì
ì,ì,",",ì,Toolbox,ì,",",ì,#746cc0,ì,",",ì,2018-8-10 17:00:00,ì,",",ì,2018-8-10 17:00:00,ì
ì,ì,",",ì,Topaz,ì,",",ì,#ffc87c,ì,",",ì,2018-8-10 17:00:00,ì,",",ì,2018-8-10 17:00:00,ì
ì,ì,",",ì,Tractor Red,ì,",",ì,#fd0e35,ì,",",ì,2018-8-10 17:00:00,ì,",",ì,2018-8-10 17:00:00,ì
ì,ì,",",ì,Trolley Grey,ì,",",ì,#808080,ì,",",ì,2018-8-10 17:00:00,ì,",",ì,2018-8-10 17:00:00,ì
ì,ì,",",ì,Tropical Rain Forest,ì,",",ì,#00755e,ì,",",ì,2018-8-10 17:00:00,ì,",",ì,2018-8-10 17:00:00,ì
ì,ì,",",ì,True Blue,ì,",",ì,#0073cf,ì,",",ì,2018-8-10 17:00:00,ì,",",ì,2018-8-10 17:00:00,ì
ì,ì,",",ì,Tufts Blue,ì,",",ì,#417dc1,ì,",",ì,2018-8-10 17:00:00,ì,",",ì,2018-8-10 17:00:00,ì
ì,ì,",",ì,Tumbleweed,ì,",",ì,#deaa88,ì,",",ì,2018-8-10 17:00:00,ì,",",ì,2018-8-10 17:00:00,ì
ì,ì,",",ì,Turkish Rose,ì,",",ì,#b57281,ì,",",ì,2018-8-10 17:00:00,ì,",",ì,2018-8-10 17:00:00,ì
ì,ì,",",ì,Turquoise,ì,",",ì,#30d5c8,ì,",",ì,2018-8-10 17:00:00,ì,",",ì,2018-8-10 17:00:00,ì
ì,ì,",",ì,Turquoise Blue,ì,",",ì,#00ffef,ì,",",ì,2018-8-10 17:00:00,ì,",",ì,2018-8-10 17:00:00,ì
ì,ì,",",ì,Turquoise Green,ì,",",ì,#a0d6b4,ì,",",ì,2018-8-10 17:00:00,ì,",",ì,2018-8-10 17:00:00,ì
ì,ì,",",ì,Tuscan Red,ì,",",ì,#7c4848,ì,",",ì,2018-8-10 17:00:00,ì,",",ì,2018-8-10 17:00:00,ì
ì,ì,",",ì,Twilight Lavender,ì,",",ì,#8a496b,ì,",",ì,2018-8-10 17:00:00,ì,",",ì,2018-8-10 17:00:00,ì
ì,ì,",",ì,Tyrian Purple,ì,",",ì,#66023c,ì,",",ì,2018-8-10 17:00:00,ì,",",ì,2018-8-10 17:00:00,ì
ì,ì,",",ì,Ua Blue,ì,",",ì,#03a,ì,",",ì,2018-8-10 17:00:00,ì,",",ì,2018-8-10 17:00:00,ì
ì,ì,",",ì,Ua Red,ì,",",ì,#d9004c,ì,",",ì,2018-8-10 17:00:00,ì,",",ì,2018-8-10 17:00:00,ì
ì,ì,",",ì,Ube,ì,",",ì,#8878c3,ì,",",ì,2018-8-10 17:00:00,ì,",",ì,2018-8-10 17:00:00,ì
ì,ì,",",ì,Ucla Blue,ì,",",ì,#536895,ì,",",ì,2018-8-10 17:00:00,ì,",",ì,2018-8-10 17:00:00,ì
ì,ì,",",ì,Ucla Gold,ì,",",ì,#ffb300,ì,",",ì,2018-8-10 17:00:00,ì,",",ì,2018-8-10 17:00:00,ì
ì,ì,",",ì,Ufo Green,ì,",",ì,#3cd070,ì,",",ì,2018-8-10 17:00:00,ì,",",ì,2018-8-10 17:00:00,ì
ì,ì,",",ì,Ultra Pink,ì,",",ì,#ff6fff,ì,",",ì,2018-8-10 17:00:00,ì,",",ì,2018-8-10 17:00:00,ì
ì,ì,",",ì,Ultramarine,ì,",",ì,#120a8f,ì,",",ì,2018-8-10 17:00:00,ì,",",ì,2018-8-10 17:00:00,ì
ì,ì,",",ì,Ultramarine Blue,ì,",",ì,#4166f5,ì,",",ì,2018-8-10 17:00:00,ì,",",ì,2018-8-10 17:00:00,ì
ì,ì,",",ì,Umber,ì,",",ì,#635147,ì,",",ì,2018-8-10 17:00:00,ì,",",ì,2018-8-10 17:00:00,ì
ì,ì,",",ì,Unbleached Silk,ì,",",ì,#ffddca,ì,",",ì,2018-8-10 17:00:00,ì,",",ì,2018-8-10 17:00:00,ì
ì,ì,",",ì,United Nations Blue,ì,",",ì,#5b92e5,ì,",",ì,2018-8-10 17:00:00,ì,",",ì,2018-8-10 17:00:00,ì
ì,ì,",",ì,University Of California Gold,ì,",",ì,#b78727,ì,",",ì,2018-8-10 17:00:00,ì,",",ì,2018-8-10 17:00:00,ì
ì,ì,",",ì,Unmellow Yellow,ì,",",ì,#ff6,ì,",",ì,2018-8-10 17:00:00,ì,",",ì,2018-8-10 17:00:00,ì
ì,ì,",",ì,Up Forest Green,ì,",",ì,#014421,ì,",",ì,2018-8-10 17:00:00,ì,",",ì,2018-8-10 17:00:00,ì
ì,ì,",",ì,Up Maroon,ì,",",ì,#7b1113,ì,",",ì,2018-8-10 17:00:00,ì,",",ì,2018-8-10 17:00:00,ì
ì,ì,",",ì,Upsdell Red,ì,",",ì,#ae2029,ì,",",ì,2018-8-10 17:00:00,ì,",",ì,2018-8-10 17:00:00,ì
ì,ì,",",ì,Urobilin,ì,",",ì,#e1ad21,ì,",",ì,2018-8-10 17:00:00,ì,",",ì,2018-8-10 17:00:00,ì
ì,ì,",",ì,Usafa Blue,ì,",",ì,#004f98,ì,",",ì,2018-8-10 17:00:00,ì,",",ì,2018-8-10 17:00:00,ì
ì,ì,",",ì,Usc Cardinal,ì,",",ì,#900,ì,",",ì,2018-8-10 17:00:00,ì,",",ì,2018-8-10 17:00:00,ì
ì,ì,",",ì,Usc Gold,ì,",",ì,#fc0,ì,",",ì,2018-8-10 17:00:00,ì,",",ì,2018-8-10 17:00:00,ì
ì,ì,",",ì,Utah Crimson,ì,",",ì,#d3003f,ì,",",ì,2018-8-10 17:00:00,ì,",",ì,2018-8-10 17:00:00,ì
ì,ì,",",ì,Vanilla,ì,",",ì,#f3e5ab,ì,",",ì,2018-8-10 17:00:00,ì,",",ì,2018-8-10 17:00:00,ì
ì,ì,",",ì,Vegas Gold,ì,",",ì,#c5b358,ì,",",ì,2018-8-10 17:00:00,ì,",",ì,2018-8-10 17:00:00,ì
ì,ì,",",ì,Venetian Red,ì,",",ì,#c80815,ì,",",ì,2018-8-10 17:00:00,ì,",",ì,2018-8-10 17:00:00,ì
ì,ì,",",ì,Verdigris,ì,",",ì,#43b3ae,ì,",",ì,2018-8-10 17:00:00,ì,",",ì,2018-8-10 17:00:00,ì
ì,ì,",",ì,Vermilion (Cinnabar),ì,",",ì,#e34234,ì,",",ì,2018-8-10 17:00:00,ì,",",ì,2018-8-10 17:00:00,ì
ì,ì,",",ì,Vermilion (Plochere),ì,",",ì,#d9603b,ì,",",ì,2018-8-10 17:00:00,ì,",",ì,2018-8-10 17:00:00,ì
ì,ì,",",ì,Veronica,ì,",",ì,#a020f0,ì,",",ì,2018-8-10 17:00:00,ì,",",ì,2018-8-10 17:00:00,ì
ì,ì,",",ì,Violet,ì,",",ì,#8f00ff,ì,",",ì,2018-8-10 17:00:00,ì,",",ì,2018-8-10 17:00:00,ì
ì,ì,",",ì,Violet-Blue,ì,",",ì,#324ab2,ì,",",ì,2018-8-10 17:00:00,ì,",",ì,2018-8-10 17:00:00,ì
ì,ì,",",ì,Violet (Color Wheel),ì,",",ì,#7f00ff,ì,",",ì,2018-8-10 17:00:00,ì,",",ì,2018-8-10 17:00:00,ì
ì,ì,",",ì,Violet (Ryb),ì,",",ì,#8601af,ì,",",ì,2018-8-10 17:00:00,ì,",",ì,2018-8-10 17:00:00,ì
ì,ì,",",ì,Violet (Web),ì,",",ì,#ee82ee,ì,",",ì,2018-8-10 17:00:00,ì,",",ì,2018-8-10 17:00:00,ì
ì,ì,",",ì,Viridian,ì,",",ì,#40826d,ì,",",ì,2018-8-10 17:00:00,ì,",",ì,2018-8-10 17:00:00,ì
ì,ì,",",ì,Vivid Auburn,ì,",",ì,#922724,ì,",",ì,2018-8-10 17:00:00,ì,",",ì,2018-8-10 17:00:00,ì
ì,ì,",",ì,Vivid Burgundy,ì,",",ì,#9f1d35,ì,",",ì,2018-8-10 17:00:00,ì,",",ì,2018-8-10 17:00:00,ì
ì,ì,",",ì,Vivid Cerise,ì,",",ì,#da1d81,ì,",",ì,2018-8-10 17:00:00,ì,",",ì,2018-8-10 17:00:00,ì
ì,ì,",",ì,Vivid Tangerine,ì,",",ì,#ffa089,ì,",",ì,2018-8-10 17:00:00,ì,",",ì,2018-8-10 17:00:00,ì
ì,ì,",",ì,Vivid Violet,ì,",",ì,#9f00ff,ì,",",ì,2018-8-10 17:00:00,ì,",",ì,2018-8-10 17:00:00,ì
ì,ì,",",ì,Warm Black,ì,",",ì,#004242,ì,",",ì,2018-8-10 17:00:00,ì,",",ì,2018-8-10 17:00:00,ì
ì,ì,",",ì,Waterspout,ì,",",ì,#a4f4f9,ì,",",ì,2018-8-10 17:00:00,ì,",",ì,2018-8-10 17:00:00,ì
ì,ì,",",ì,Wenge,ì,",",ì,#645452,ì,",",ì,2018-8-10 17:00:00,ì,",",ì,2018-8-10 17:00:00,ì
ì,ì,",",ì,Wheat,ì,",",ì,#f5deb3,ì,",",ì,2018-8-10 17:00:00,ì,",",ì,2018-8-10 17:00:00,ì
ì,ì,",",ì,White,ì,",",ì,#fff,ì,",",ì,2018-8-10 17:00:00,ì,",",ì,2018-8-10 17:00:00,ì
ì,ì,",",ì,White Smoke,ì,",",ì,#f5f5f5,ì,",",ì,2018-8-10 17:00:00,ì,",",ì,2018-8-10 17:00:00,ì
ì,ì,",",ì,Wild Blue Yonder,ì,",",ì,#a2add0,ì,",",ì,2018-8-10 17:00:00,ì,",",ì,2018-8-10 17:00:00,ì
ì,ì,",",ì,Wild Strawberry,ì,",",ì,#ff43a4,ì,",",ì,2018-8-10 17:00:00,ì,",",ì,2018-8-10 17:00:00,ì
ì,ì,",",ì,Wild Watermelon,ì,",",ì,#fc6c85,ì,",",ì,2018-8-10 17:00:00,ì,",",ì,2018-8-10 17:00:00,ì
ì,ì,",",ì,Wine,ì,",",ì,#722f37,ì,",",ì,2018-8-10 17:00:00,ì,",",ì,2018-8-10 17:00:00,ì
ì,ì,",",ì,Wine Dregs,ì,",",ì,#673147,ì,",",ì,2018-8-10 17:00:00,ì,",",ì,2018-8-10 17:00:00,ì
ì,ì,",",ì,Wisteria,ì,",",ì,#c9a0dc,ì,",",ì,2018-8-10 17:00:00,ì,",",ì,2018-8-10 17:00:00,ì
ì,ì,",",ì,Wood Brown,ì,",",ì,#c19a6b,ì,",",ì,2018-8-10 17:00:00,ì,",",ì,2018-8-10 17:00:00,ì
ì,ì,",",ì,Xanadu,ì,",",ì,#738678,ì,",",ì,2018-8-10 17:00:00,ì,",",ì,2018-8-10 17:00:00,ì
ì,ì,",",ì,Yale Blue,ì,",",ì,#0f4d92,ì,",",ì,2018-8-10 17:00:00,ì,",",ì,2018-8-10 17:00:00,ì
ì,ì,",",ì,Yellow,ì,",",ì,#ff0,ì,",",ì,2018-8-10 17:00:00,ì,",",ì,2018-8-10 17:00:00,ì
ì,ì,",",ì,Yellow-Green,ì,",",ì,#9acd32,ì,",",ì,2018-8-10 17:00:00,ì,",",ì,2018-8-10 17:00:00,ì
ì,ì,",",ì,Yellow (Munsell),ì,",",ì,#efcc00,ì,",",ì,2018-8-10 17:00:00,ì,",",ì,2018-8-10 17:00:00,ì
ì,ì,",",ì,Yellow (Ncs),ì,",",ì,#ffd300,ì,",",ì,2018-8-10 17:00:00,ì,",",ì,2018-8-10 17:00:00,ì
ì,ì,",",ì,Yellow Orange,ì,",",ì,#ffae42,ì,",",ì,2018-8-10 17:00:00,ì,",",ì,2018-8-10 17:00:00,ì
ì,ì,",",ì,Yellow (Process),ì,",",ì,#ffef00,ì,",",ì,2018-8-10 17:00:00,ì,",",ì,2018-8-10 17:00:00,ì
ì,ì,",",ì,Yellow (Ryb),ì,",",ì,#fefe33,ì,",",ì,2018-8-10 17:00:00,ì,",",ì,2018-8-10 17:00:00,ì
ì,ì,",",ì,Zaffre,ì,",",ì,#0014a8,ì,",",ì,2018-8-10 17:00:00,ì,",",ì,2018-8-10 17:00:00,ì
ì,ì,",",ì,Zinnwaldite Brown,ì,",",ì,#2c1608,ì,",",ì,2018-8-10 17:00:00,ì,",",ì,2018-8-10 17:00:00,ì
